Entity Name,Fiscal Year,Total Revenues,Estimated Population,Revenues Per Capita
Alameda,2020,"3,752,904,942","1,670,834","2,246"
Alameda,2019,"3,609,996,506","1,669,301","2,163"
Alameda,2018,"3,057,808,028","1,660,202","1,842"
Alameda,2017,"2,949,248,612","1,645,359","1,792"
Alameda,2016,"2,638,195,535","1,627,865","1,621"
Alameda,2015,"2,459,908,014","1,594,569","1,543"
Alameda,2014,"2,448,572,609","1,573,254","1,556"
Alameda,2013,"2,366,341,383","1,548,681","1,528"
Alameda,2012,"2,317,607,829","1,532,137","1,513"
Alameda,2011,"2,201,322,275","1,521,157","1,447"
Alameda,2010,"2,049,650,443","1,574,857","1,301"
Alameda,2009,"2,027,021,278","1,556,657","1,302"
Alameda,2008,"2,062,757,425","1,543,000","1,337"
Alameda,2007,"1,980,472,861","1,526,148","1,298"
Alameda,2006,"1,962,610,109","1,510,303","1,299"
Alameda,2005,"1,877,145,984","1,507,500","1,245"
Alameda,2004,"1,636,539,472","1,498,020","1,092"
Alameda,2003,"1,818,700,520","1,496,218","1,216"
Alpine,2020,"22,732,682","1,142","19,906"
Alpine,2019,"21,085,207","1,162","18,146"
Alpine,2018,"20,470,009","1,154","17,738"
Alpine,2017,"18,935,581","1,151","16,451"
Alpine,2016,"17,024,071","1,166","14,600"
Alpine,2015,"16,682,857","1,121","14,882"
Alpine,2014,"16,048,039","1,079","14,873"
Alpine,2013,"17,486,688","1,087","16,087"
Alpine,2012,"17,958,213","1,097","16,370"
Alpine,2011,"17,643,923","1,176","15,003"
Alpine,2010,"17,447,487","1,189","14,674"
Alpine,2009,"16,151,545","1,201","13,448"
Alpine,2008,"15,375,601","1,222","12,582"
Alpine,2007,"14,582,555","1,261","11,564"
Alpine,2006,"12,567,537","1,241","10,127"
Alpine,2005,"10,801,917","1,262","8,559"
Alpine,2004,"12,227,703","1,275","9,590"
Alpine,2003,"9,466,804","1,208","7,837"
Amador,2020,"98,957,071","37,676","2,627"
Amador,2019,"91,942,520","38,294","2,401"
Amador,2018,"77,617,058","38,094","2,038"
Amador,2017,"73,472,682","38,382","1,914"
Amador,2016,"67,084,790","37,707","1,779"
Amador,2015,"69,467,537","36,312","1,913"
Amador,2014,"63,278,973","36,151","1,750"
Amador,2013,"57,628,482","36,741","1,569"
Amador,2012,"57,723,779","37,120","1,555"
Amador,2011,"57,227,655","37,911","1,510"
Amador,2010,"58,143,071","38,022","1,529"
Amador,2009,"60,749,096","38,080","1,595"
Amador,2008,"70,732,123","37,943","1,864"
Amador,2007,"63,557,656","38,435","1,654"
Amador,2006,"64,674,346","38,133","1,696"
Amador,2005,"47,894,068","37,574","1,275"
Amador,2004,"41,442,452","36,834","1,125"
Amador,2003,"40,731,328","36,523","1,115"
Butte,2020,"716,123,502","210,291","3,405"
Butte,2019,"462,029,993","226,466","2,040"
Butte,2018,"423,294,813","227,621","1,860"
Butte,2017,"405,180,116","226,404","1,790"
Butte,2016,"369,579,116","224,601","1,645"
Butte,2015,"364,962,980","224,323","1,627"
Butte,2014,"339,367,456","222,316","1,527"
Butte,2013,"347,423,855","221,485","1,569"
Butte,2012,"351,293,697","221,273","1,588"
Butte,2011,"349,752,594","221,388","1,580"
Butte,2010,"354,192,869","221,768","1,597"
Butte,2009,"351,519,630","220,748","1,592"
Butte,2008,"336,162,674","220,407","1,525"
Butte,2007,"334,491,339","218,069","1,534"
Butte,2006,"321,824,838","217,209","1,482"
Butte,2005,"321,627,242","214,119","1,502"
Butte,2004,"328,484,057","212,745","1,544"
Butte,2003,"279,156,583","210,367","1,327"
Calaveras,2020,"115,552,446","45,023","2,567"
Calaveras,2019,"105,939,142","45,117","2,348"
Calaveras,2018,"111,775,477","45,157","2,475"
Calaveras,2017,"103,847,016","45,168","2,299"
Calaveras,2016,"86,883,793","45,207","1,922"
Calaveras,2015,"81,676,412","45,668","1,788"
Calaveras,2014,"77,973,970","44,650","1,746"
Calaveras,2013,"90,279,898","44,932","2,009"
Calaveras,2012,"86,054,083","44,840","1,919"
Calaveras,2011,"73,727,362","45,693","1,614"
Calaveras,2010,"71,786,719","45,870","1,565"
Calaveras,2009,"108,145,525","45,987","2,352"
Calaveras,2008,"80,353,776","46,127","1,742"
Calaveras,2007,"72,812,583","46,028","1,582"
Calaveras,2006,"72,584,605","45,711","1,588"
Calaveras,2005,"62,579,929","44,796","1,397"
Calaveras,2004,"53,445,358","43,339","1,233"
Calaveras,2003,"53,240,047","42,458","1,254"
Colusa,2020,"69,785,072","21,902","3,186"
Colusa,2019,"66,171,628","22,117","2,992"
Colusa,2018,"61,167,967","22,098","2,768"
Colusa,2017,"56,417,543","22,043","2,559"
Colusa,2016,"55,837,373","21,948","2,544"
Colusa,2015,"55,828,686","21,715","2,571"
Colusa,2014,"56,276,403","21,660","2,598"
Colusa,2013,"57,956,739","21,674","2,674"
Colusa,2012,"53,067,227","21,690","2,447"
Colusa,2011,"47,582,983","21,593","2,204"
Colusa,2010,"51,041,062","22,206","2,299"
Colusa,2009,"45,395,410","21,997","2,064"
Colusa,2008,"51,543,714","21,910","2,353"
Colusa,2007,"41,037,799","21,951","1,870"
Colusa,2006,"39,549,674","21,512","1,838"
Colusa,2005,"34,920,597","20,880","1,672"
Colusa,2004,"34,509,274","20,105","1,716"
Colusa,2003,"35,964,767","19,700","1,826"
Contra Costa,2020,"3,809,810,219","1,153,561","3,303"
Contra Costa,2019,"3,693,227,329","1,155,879","3,195"
Contra Costa,2018,"3,228,395,078","1,149,363","2,809"
Contra Costa,2017,"3,072,465,406","1,139,513","2,696"
Contra Costa,2016,"2,793,581,608","1,123,429","2,487"
Contra Costa,2015,"2,711,238,104","1,102,871","2,458"
Contra Costa,2014,"2,333,410,531","1,087,008","2,147"
Contra Costa,2013,"2,221,080,341","1,074,702","2,067"
Contra Costa,2012,"2,068,070,533","1,065,117","1,942"
Contra Costa,2011,"2,051,483,168","1,056,064","1,943"
Contra Costa,2010,"1,921,410,709","1,073,055","1,791"
Contra Costa,2009,"1,890,114,964","1,060,435","1,782"
Contra Costa,2008,"1,926,983,901","1,051,674","1,832"
Contra Costa,2007,"1,862,349,991","1,042,341","1,787"
Contra Costa,2006,"1,734,769,236","1,029,377","1,685"
Contra Costa,2005,"1,652,419,430","1,020,898","1,619"
Contra Costa,2004,"1,550,299,661","1,003,909","1,544"
Contra Costa,2003,"1,851,194,815","994,908","1,861"
Del Norte,2020,"81,621,241","27,298","2,990"
Del Norte,2019,"78,237,636","27,401","2,855"
Del Norte,2018,"79,118,088","27,221","2,907"
Del Norte,2017,"68,538,964","27,124","2,527"
Del Norte,2016,"71,405,306","26,811","2,663"
Del Norte,2015,"68,798,879","28,031","2,454"
Del Norte,2014,"68,122,777","28,131","2,422"
Del Norte,2013,"72,932,282","28,380","2,570"
Del Norte,2012,"68,063,313","28,429","2,394"
Del Norte,2011,"58,053,949","28,594","2,030"
Del Norte,2010,"54,213,743","29,673","1,827"
Del Norte,2009,"58,446,845","29,547","1,978"
Del Norte,2008,"56,136,033","29,419","1,908"
Del Norte,2007,"54,945,082","29,341","1,873"
Del Norte,2006,"53,194,593","29,196","1,822"
Del Norte,2005,"50,493,384","28,895","1,747"
Del Norte,2004,"43,902,351","28,266","1,553"
Del Norte,2003,"45,211,030","27,848","1,623"
El Dorado,2020,"462,093,559","193,227","2,391"
El Dorado,2019,"447,199,542","191,848","2,331"
El Dorado,2018,"333,516,608","188,399","1,770"
El Dorado,2017,"320,597,586","185,062","1,732"
El Dorado,2016,"310,061,101","183,750","1,687"
El Dorado,2015,"291,471,085","184,917","1,576"
El Dorado,2014,"293,637,831","182,404","1,610"
El Dorado,2013,"284,773,753","182,286","1,562"
El Dorado,2012,"271,854,189","180,712","1,504"
El Dorado,2011,"270,739,898","182,498","1,484"
El Dorado,2010,"267,749,585","182,019","1,471"
El Dorado,2009,"263,433,655","180,185","1,462"
El Dorado,2008,"276,044,536","179,722","1,536"
El Dorado,2007,"294,389,906","178,674","1,648"
El Dorado,2006,"258,946,904","176,204","1,470"
El Dorado,2005,"241,378,174","173,407","1,392"
El Dorado,2004,"205,990,482","168,117","1,225"
El Dorado,2003,"194,572,716","166,030","1,172"
Fresno,2020,"2,053,548,000","1,023,358","2,007"
Fresno,2019,"1,936,296,000","1,018,241","1,902"
Fresno,2018,"1,770,913,000","1,007,229","1,758"
Fresno,2017,"1,683,934,000","995,975","1,691"
Fresno,2016,"1,488,440,576","984,541","1,512"
Fresno,2015,"1,376,617,063","972,297","1,416"
Fresno,2014,"1,318,767,726","964,040","1,368"
Fresno,2013,"1,268,655,618","952,166","1,332"
Fresno,2012,"1,203,004,648","945,711","1,272"
Fresno,2011,"1,227,947,061","940,220","1,306"
Fresno,2010,"1,191,819,738","953,761","1,250"
Fresno,2009,"1,230,739,830","942,298","1,306"
Fresno,2008,"1,274,358,715","931,098","1,369"
Fresno,2007,"1,155,188,903","917,515","1,259"
Fresno,2006,"1,164,590,520","899,514","1,295"
Fresno,2005,"1,039,583,424","883,537","1,177"
Fresno,2004,"1,384,309,806","862,642","1,605"
Fresno,2003,"1,102,218,078","841,423","1,310"
Glenn,2020,"100,986,885","29,400","3,435"
Glenn,2019,"91,677,332","29,132","3,147"
Glenn,2018,"84,691,057","28,796","2,941"
Glenn,2017,"74,713,016","28,731","2,600"
Glenn,2016,"63,101,355","28,668","2,201"
Glenn,2015,"61,548,445","28,728","2,142"
Glenn,2014,"67,887,528","28,353","2,394"
Glenn,2013,"68,574,194","28,349","2,419"
Glenn,2012,"68,505,603","28,122","2,436"
Glenn,2011,"62,864,289","28,273","2,223"
Glenn,2010,"64,516,031","29,434","2,192"
Glenn,2009,"66,642,625","29,239","2,279"
Glenn,2008,"67,161,299","29,195","2,300"
Glenn,2007,"63,608,575","28,915","2,200"
Glenn,2006,"63,409,592","28,651","2,213"
Glenn,2005,"58,140,597","28,197","2,062"
Glenn,2004,"54,488,446","27,756","1,963"
Glenn,2003,"58,246,138","27,071","2,152"
Humboldt,2020,0,"133,302",0
Humboldt,2019,"388,436,302","135,333","2,870"
Humboldt,2018,"367,766,900","136,002","2,704"
Humboldt,2017,"307,219,596","136,953","2,243"
Humboldt,2016,"278,719,066","135,116","2,063"
Humboldt,2015,"263,699,647","134,398","1,962"
Humboldt,2014,"255,394,014","134,648","1,897"
Humboldt,2013,"237,749,673","135,209","1,758"
Humboldt,2012,"242,001,920","134,587","1,798"
Humboldt,2011,"244,274,587","135,263","1,806"
Humboldt,2010,"238,661,827","133,400","1,789"
Humboldt,2009,"228,673,285","132,755","1,723"
Humboldt,2008,"236,017,089","132,821","1,777"
Humboldt,2007,"223,409,244","131,959","1,693"
Humboldt,2006,"204,686,657","132,526","1,545"
Humboldt,2005,"194,127,557","131,334","1,478"
Humboldt,2004,"186,204,666","129,964","1,433"
Humboldt,2003,"177,782,923","128,347","1,385"
Imperial,2020,"474,235,215","188,777","2,512"
Imperial,2019,"427,565,740","190,266","2,247"
Imperial,2018,"439,747,211","190,624","2,307"
Imperial,2017,"438,301,291","188,334","2,327"
Imperial,2016,"312,534,987","185,831","1,682"
Imperial,2015,"313,139,834","183,429","1,707"
Imperial,2014,"289,567,151","180,672","1,603"
Imperial,2013,"272,993,302","180,061","1,516"
Imperial,2012,"275,783,676","177,441","1,554"
Imperial,2011,"278,154,248","176,258","1,578"
Imperial,2010,"260,545,518","183,029","1,424"
Imperial,2009,"261,491,103","179,254","1,459"
Imperial,2008,"253,950,993","176,158","1,442"
Imperial,2007,"241,411,002","172,672","1,398"
Imperial,2006,"219,324,284","166,585","1,317"
Imperial,2005,"210,560,376","161,800","1,301"
Imperial,2004,"194,400,228","156,562","1,242"
Imperial,2003,"185,651,047","150,909","1,230"
Inyo,2020,"89,366,804","18,584","4,809"
Inyo,2019,"84,868,491","18,593","4,565"
Inyo,2018,"79,628,705","18,577","4,286"
Inyo,2017,"75,895,392","18,619","4,076"
Inyo,2016,"70,957,422","18,650","3,805"
Inyo,2015,"68,983,106","18,574","3,714"
Inyo,2014,"68,985,619","18,590","3,711"
Inyo,2013,"66,259,711","18,573","3,568"
Inyo,2012,"66,330,102","18,461","3,593"
Inyo,2011,"66,489,222","18,634","3,568"
Inyo,2010,"64,079,221","18,110","3,538"
Inyo,2009,"68,149,212","18,049","3,776"
Inyo,2008,"64,815,572","18,152","3,571"
Inyo,2007,"60,893,426","18,383","3,312"
Inyo,2006,"55,825,152","18,515","3,015"
Inyo,2005,"48,845,839","18,592","2,627"
Inyo,2004,"50,064,486","18,515","2,704"
Inyo,2003,"48,725,511","18,351","2,655"
Kern,2020,"2,068,423,396","917,553","2,254"
Kern,2019,"1,910,928,208","916,464","2,085"
Kern,2018,"1,862,364,108","905,801","2,056"
Kern,2017,"1,834,349,504","895,112","2,049"
Kern,2016,"1,832,093,877","886,507","2,067"
Kern,2015,"1,799,121,449","874,264","2,058"
Kern,2014,"1,698,256,686","873,092","1,945"
Kern,2013,"1,677,222,851","857,882","1,955"
Kern,2012,"1,617,401,714","850,006","1,903"
Kern,2011,"1,592,131,106","846,883","1,880"
Kern,2010,"1,547,591,491","839,587","1,843"
Kern,2009,"1,641,270,471","827,173","1,984"
Kern,2008,"1,555,184,986","817,517","1,902"
Kern,2007,"1,426,550,262","801,648","1,780"
Kern,2006,"1,302,729,622","779,869","1,670"
Kern,2005,"1,194,337,832","753,070","1,586"
Kern,2004,"1,089,447,243","724,883","1,503"
Kern,2003,"1,396,558,439","702,873","1,987"
Kings,2020,"302,751,573","153,608","1,971"
Kings,2019,"295,343,229","153,710","1,921"
Kings,2018,"274,851,463","151,662","1,812"
Kings,2017,"268,613,402","149,537","1,796"
Kings,2016,"239,998,723","150,373","1,596"
Kings,2015,"219,369,648","149,721","1,465"
Kings,2014,"195,827,629","150,181","1,304"
Kings,2013,"185,983,985","152,007","1,224"
Kings,2012,"186,635,959","152,419","1,224"
Kings,2011,"187,633,021","153,365","1,223"
Kings,2010,"177,480,965","156,289","1,136"
Kings,2009,"176,486,192","154,743","1,141"
Kings,2008,"188,422,534","154,434","1,220"
Kings,2007,"174,045,503","151,381","1,150"
Kings,2006,"163,092,904","147,729","1,104"
Kings,2005,"177,654,912","144,732","1,227"
Kings,2004,"141,966,816","141,434","1,004"
Kings,2003,"133,430,620","136,108",980
Lake,2020,"189,781,222","64,040","2,963"
Lake,2019,"187,904,772","65,071","2,888"
Lake,2018,"148,872,930","65,081","2,288"
Lake,2017,"141,621,306","64,945","2,181"
Lake,2016,"149,993,687","64,306","2,332"
Lake,2015,"124,266,357","64,918","1,914"
Lake,2014,"122,092,336","64,699","1,887"
Lake,2013,"113,536,967","64,531","1,759"
Lake,2012,"115,415,359","63,266","1,824"
Lake,2011,"124,029,511","64,784","1,915"
Lake,2010,"114,186,065","64,053","1,783"
Lake,2009,"116,212,553","64,025","1,815"
Lake,2008,"122,873,027","64,059","1,918"
Lake,2007,"115,629,643","64,276","1,799"
Lake,2006,"105,713,862","64,105","1,649"
Lake,2005,"96,135,828","63,250","1,520"
Lake,2004,"91,059,442","63,242","1,440"
Lake,2003,"92,999,016","61,307","1,517"
Lassen,2020,"81,257,321","28,833","2,818"
Lassen,2019,"72,911,743","30,150","2,418"
Lassen,2018,"68,779,787","30,911","2,225"
Lassen,2017,"64,789,003","30,918","2,096"
Lassen,2016,"63,591,051","30,780","2,066"
Lassen,2015,"61,709,330","32,092","1,923"
Lassen,2014,"58,101,710","32,581","1,783"
Lassen,2013,"53,922,286","33,422","1,613"
Lassen,2012,"54,523,124","34,167","1,596"
Lassen,2011,"58,624,293","34,577","1,695"
Lassen,2010,"58,964,248","35,889","1,643"
Lassen,2009,"63,731,345","35,550","1,793"
Lassen,2008,"60,305,254","35,757","1,687"
Lassen,2007,"58,514,770","36,375","1,609"
Lassen,2006,"54,603,554","35,452","1,540"
Lassen,2005,"51,388,775","35,455","1,449"
Lassen,2004,"50,031,696","34,846","1,436"
Lassen,2003,"49,204,285","34,955","1,408"
Los Angeles,2020,"29,959,688,130","10,172,951","2,945"
Los Angeles,2019,"28,159,902,983","10,253,716","2,746"
Los Angeles,2018,"24,829,342,650","10,283,729","2,414"
Los Angeles,2017,"23,422,437,171","10,241,278","2,287"
Los Angeles,2016,"20,636,464,907","10,241,335","2,015"
Los Angeles,2015,"20,236,668,800","10,136,559","1,996"
Los Angeles,2014,"19,367,532,018","10,041,797","1,929"
Los Angeles,2013,"18,594,909,311","9,958,091","1,867"
Los Angeles,2012,"17,396,447,967","9,884,632","1,760"
Los Angeles,2011,"17,443,393,072","9,858,989","1,769"
Los Angeles,2010,"16,935,092,623","10,441,080","1,622"
Los Angeles,2009,"16,527,927,804","10,393,185","1,590"
Los Angeles,2008,"16,472,752,887","10,363,850","1,589"
Los Angeles,2007,"15,691,010,527","10,331,939","1,519"
Los Angeles,2006,"15,219,345,614","10,245,572","1,485"
Los Angeles,2005,"15,268,360,742","10,226,506","1,493"
Los Angeles,2004,"14,357,337,383","10,102,961","1,421"
Los Angeles,2003,"14,138,752,411","9,979,618","1,417"
Madera,2020,"325,675,940","158,147","2,059"
Madera,2019,"305,627,409","159,536","1,916"
Madera,2018,"267,664,692","158,894","1,685"
Madera,2017,"244,396,339","156,492","1,562"
Madera,2016,"216,823,054","155,349","1,396"
Madera,2015,"206,640,230","155,878","1,326"
Madera,2014,"183,041,936","153,897","1,189"
Madera,2013,"186,381,002","152,711","1,220"
Madera,2012,"198,807,815","152,074","1,307"
Madera,2011,"192,235,596","151,949","1,265"
Madera,2010,"168,679,487","153,655","1,098"
Madera,2009,"174,175,104","152,331","1,143"
Madera,2008,"174,459,605","150,887","1,156"
Madera,2007,"169,675,674","148,721","1,141"
Madera,2006,"183,648,628","144,396","1,272"
Madera,2005,"144,206,565","141,007","1,023"
Madera,2004,"124,865,207","135,262",923
Madera,2003,"147,829,842","131,168","1,127"
Marin,2020,"776,626,083","260,831","2,978"
Marin,2019,"761,444,825","262,879","2,897"
Marin,2018,"599,287,488","263,886","2,271"
Marin,2017,"554,795,904","263,604","2,105"
Marin,2016,"585,393,034","262,274","2,232"
Marin,2015,"503,651,068","258,972","1,945"
Marin,2014,"474,533,587","255,846","1,855"
Marin,2013,"467,415,124","254,007","1,840"
Marin,2012,"479,488,785","254,790","1,882"
Marin,2011,"539,104,138","254,692","2,117"
Marin,2010,"442,460,293","260,651","1,698"
Marin,2009,"430,694,172","258,618","1,665"
Marin,2008,"443,994,914","257,406","1,725"
Marin,2007,"404,013,928","255,982","1,578"
Marin,2006,"397,780,185","253,341","1,570"
Marin,2005,"367,234,286","252,485","1,454"
Marin,2004,"328,318,390","250,169","1,312"
Marin,2003,"323,448,500","250,409","1,292"
Mariposa,2020,"88,255,323","18,067","4,885"
Mariposa,2019,"82,902,148","18,068","4,588"
Mariposa,2018,"77,874,291","18,129","4,296"
Mariposa,2017,"71,395,521","18,148","3,934"
Mariposa,2016,"66,657,856","18,159","3,671"
Mariposa,2015,"60,063,662","17,791","3,376"
Mariposa,2014,"57,679,389","18,467","3,123"
Mariposa,2013,"55,737,470","18,026","3,092"
Mariposa,2012,"56,691,069","17,716","3,200"
Mariposa,2011,"54,981,137","18,261","3,011"
Mariposa,2010,"55,498,159","18,192","3,051"
Mariposa,2009,"51,923,278","18,306","2,836"
Mariposa,2008,"51,099,551","18,406","2,776"
Mariposa,2007,"47,582,245","18,254","2,607"
Mariposa,2006,"46,654,174","18,216","2,561"
Mariposa,2005,"46,083,132","17,991","2,561"
Mariposa,2004,"39,730,283","17,646","2,252"
Mariposa,2003,"39,558,887","17,465","2,265"
Mendocino,2020,"312,412,438","87,946","3,552"
Mendocino,2019,"277,498,649","89,009","3,118"
Mendocino,2018,"245,693,086","89,299","2,751"
Mendocino,2017,"235,560,312","89,134","2,643"
Mendocino,2016,"206,272,668","88,378","2,334"
Mendocino,2015,"198,654,917","88,863","2,236"
Mendocino,2014,"186,975,941","89,029","2,100"
Mendocino,2013,"183,588,351","88,291","2,079"
Mendocino,2012,"172,417,372","87,572","1,969"
Mendocino,2011,"190,611,951","88,197","2,161"
Mendocino,2010,"188,035,333","90,289","2,083"
Mendocino,2009,"188,766,319","90,206","2,093"
Mendocino,2008,"185,955,998","90,163","2,062"
Mendocino,2007,"176,593,167","90,291","1,956"
Mendocino,2006,"162,837,549","90,445","1,800"
Mendocino,2005,"153,553,311","89,974","1,707"
Mendocino,2004,"146,913,548","89,190","1,647"
Mendocino,2003,"162,112,588","88,222","1,838"
Merced,2020,"626,609,243","283,521","2,210"
Merced,2019,"593,333,567","282,928","2,097"
Merced,2018,"552,168,265","279,977","1,972"
Merced,2017,"520,964,183","274,665","1,897"
Merced,2016,"439,271,510","271,579","1,617"
Merced,2015,"413,448,831","266,134","1,554"
Merced,2014,"405,719,802","264,922","1,531"
Merced,2013,"364,448,085","262,478","1,388"
Merced,2012,"361,923,609","258,736","1,399"
Merced,2011,"373,945,461","257,984","1,449"
Merced,2010,"371,262,755","258,495","1,436"
Merced,2009,"386,404,810","256,450","1,507"
Merced,2008,"365,637,892","255,250","1,432"
Merced,2007,"389,228,752","251,510","1,548"
Merced,2006,"365,045,437","246,751","1,479"
Merced,2005,"309,945,642","240,162","1,291"
Merced,2004,"297,380,484","232,141","1,281"
Merced,2003,"325,422,012","225,138","1,445"
Modoc,2020,"38,362,949","9,570","4,009"
Modoc,2019,"34,779,955","9,602","3,622"
Modoc,2018,"31,249,727","9,612","3,251"
Modoc,2017,"30,863,325","9,580","3,222"
Modoc,2016,"31,283,043","9,638","3,246"
Modoc,2015,"30,609,001","9,399","3,257"
Modoc,2014,"26,943,389","9,197","2,930"
Modoc,2013,"28,451,670","9,522","2,988"
Modoc,2012,"30,134,520","9,566","3,150"
Modoc,2011,"40,805,130","9,705","4,205"
Modoc,2010,"45,140,542","9,777","4,617"
Modoc,2009,"45,346,594","9,698","4,676"
Modoc,2008,"36,892,785","9,702","3,803"
Modoc,2007,"34,213,503","9,721","3,520"
Modoc,2006,"34,821,104","9,836","3,540"
Modoc,2005,"34,132,403","9,700","3,519"
Modoc,2004,"31,245,242","9,640","3,241"
Modoc,2003,"32,624,343","9,335","3,495"
Mono,2020,"69,249,578","13,464","5,143"
Mono,2019,"65,803,733","13,616","4,833"
Mono,2018,"64,774,317","13,822","4,686"
Mono,2017,"58,065,258","13,713","4,234"
Mono,2016,"59,722,817","13,721","4,353"
Mono,2015,"52,282,402","14,695","3,558"
Mono,2014,"53,253,721","14,143","3,765"
Mono,2013,"51,833,685","14,493","3,576"
Mono,2012,"50,068,268","14,391","3,479"
Mono,2011,"55,205,512","14,308","3,858"
Mono,2010,"54,458,086","13,617","3,999"
Mono,2009,"51,923,594","13,504","3,845"
Mono,2008,"52,001,350","13,759","3,779"
Mono,2007,"48,545,097","13,985","3,471"
Mono,2006,"40,488,069","13,597","2,978"
Mono,2005,"36,710,249","13,563","2,707"
Mono,2004,"34,709,905","13,520","2,567"
Mono,2003,"33,238,867","13,337","2,492"
Monterey,2020,"1,348,961,143","441,143","3,058"
Monterey,2019,"1,334,500,225","445,414","2,996"
Monterey,2018,"1,251,119,128","443,281","2,822"
Monterey,2017,"1,085,600,914","442,365","2,454"
Monterey,2016,"1,015,238,741","437,178","2,322"
Monterey,2015,"889,396,769","425,413","2,091"
Monterey,2014,"816,486,584","425,756","1,918"
Monterey,2013,"802,605,729","421,494","1,904"
Monterey,2012,"776,890,434","420,668","1,847"
Monterey,2011,"788,766,228","419,038","1,882"
Monterey,2010,"754,029,279","435,878","1,730"
Monterey,2009,"747,096,536","431,892","1,730"
Monterey,2008,"719,384,598","428,549","1,679"
Monterey,2007,"734,091,549","425,960","1,723"
Monterey,2006,"641,260,223","424,842","1,509"
Monterey,2005,"613,555,968","425,102","1,443"
Monterey,2004,"592,308,474","421,441","1,405"
Monterey,2003,"574,888,813","415,773","1,383"
Napa,2020,"462,384,684","139,088","3,324"
Napa,2019,"441,388,573","140,779","3,135"
Napa,2018,"410,620,823","141,294","2,906"
Napa,2017,"370,217,770","142,408","2,600"
Napa,2016,"330,137,626","142,028","2,324"
Napa,2015,"323,583,057","140,362","2,305"
Napa,2014,"307,365,157","139,255","2,207"
Napa,2013,"280,823,358","138,383","2,029"
Napa,2012,"251,559,558","138,255","1,820"
Napa,2011,"264,799,701","137,639","1,924"
Napa,2010,"241,999,025","138,917","1,742"
Napa,2009,"252,789,293","137,571","1,838"
Napa,2008,"224,406,792","136,704","1,642"
Napa,2007,"212,487,044","135,969","1,563"
Napa,2006,"209,287,276","134,444","1,557"
Napa,2005,"188,502,657","133,294","1,414"
Napa,2004,"180,967,098","131,624","1,375"
Napa,2003,"162,586,355","129,776","1,253"
Nevada,2020,"214,843,764","98,114","2,190"
Nevada,2019,"198,442,113","98,904","2,006"
Nevada,2018,"184,038,554","99,155","1,856"
Nevada,2017,"163,862,949","98,828","1,658"
Nevada,2016,"147,735,751","98,095","1,506"
Nevada,2015,"142,883,250","98,193","1,455"
Nevada,2014,"141,331,655","97,225","1,454"
Nevada,2013,"137,555,506","97,019","1,418"
Nevada,2012,"141,546,524","97,182","1,457"
Nevada,2011,"148,517,418","99,111","1,498"
Nevada,2010,"149,046,420","98,680","1,510"
Nevada,2009,"145,099,207","98,718","1,470"
Nevada,2008,"139,910,142","99,186","1,411"
Nevada,2007,"130,774,060","99,766","1,311"
Nevada,2006,"129,698,668","100,066","1,296"
Nevada,2005,"113,274,682","98,955","1,145"
Nevada,2004,"108,911,796","96,065","1,134"
Nevada,2003,"112,380,381","95,749","1,174"
Orange,2020,"5,203,412,227","3,194,332","1,629"
Orange,2019,"4,909,268,760","3,222,498","1,523"
Orange,2018,"4,584,568,142","3,221,103","1,423"
Orange,2017,"4,412,670,251","3,194,024","1,382"
Orange,2016,"3,793,514,681","3,183,011","1,192"
Orange,2015,"3,724,987,048","3,147,655","1,183"
Orange,2014,"3,647,101,056","3,113,991","1,171"
Orange,2013,"3,524,255,671","3,081,804","1,144"
Orange,2012,"3,265,911,821","3,055,792","1,069"
Orange,2011,"3,144,642,955","3,029,859","1,038"
Orange,2010,"3,087,830,305","3,166,461",975
Orange,2009,"3,105,605,836","3,139,017",989
Orange,2008,"3,445,201,493","3,121,251","1,104"
Orange,2007,"3,552,215,691","3,098,121","1,147"
Orange,2006,"3,359,558,336","3,072,336","1,093"
Orange,2005,"2,888,478,285","3,056,865",945
Orange,2004,"2,693,526,625","3,017,298",893
Orange,2003,"2,608,620,198","2,978,816",876
Placer,2020,"828,024,546","403,711","2,051"
Placer,2019,"762,996,372","396,691","1,923"
Placer,2018,"706,198,572","389,532","1,813"
Placer,2017,"658,575,612","382,837","1,720"
Placer,2016,"562,674,677","373,796","1,505"
Placer,2015,"547,404,953","369,454","1,482"
Placer,2014,"561,033,320","366,115","1,532"
Placer,2013,"496,785,824","357,463","1,390"
Placer,2012,"492,184,922","355,328","1,385"
Placer,2011,"486,765,553","352,380","1,381"
Placer,2010,"468,596,632","347,102","1,350"
Placer,2009,"482,986,537","339,577","1,422"
Placer,2008,"528,900,869","333,401","1,586"
Placer,2007,"483,687,249","324,495","1,491"
Placer,2006,"438,815,910","316,508","1,386"
Placer,2005,"394,109,534","305,675","1,289"
Placer,2004,"340,893,988","292,095","1,167"
Placer,2003,"320,645,890","275,612","1,163"
Plumas,2020,"67,393,220","18,260","3,691"
Plumas,2019,"64,464,586","19,779","3,259"
Plumas,2018,"64,867,700","19,773","3,281"
Plumas,2017,"56,460,600","19,819","2,849"
Plumas,2016,"57,739,496","19,879","2,905"
Plumas,2015,"53,440,915","19,560","2,732"
Plumas,2014,"52,254,253","19,140","2,730"
Plumas,2013,"50,944,994","19,643","2,594"
Plumas,2012,"52,668,732","19,718","2,671"
Plumas,2011,"51,107,272","20,025","2,552"
Plumas,2010,"54,068,900","20,428","2,647"
Plumas,2009,"56,704,152","20,632","2,748"
Plumas,2008,"59,857,726","20,917","2,862"
Plumas,2007,"55,246,500","21,128","2,615"
Plumas,2006,"55,951,299","21,444","2,609"
Plumas,2005,"50,568,452","21,231","2,382"
Plumas,2004,"44,800,955","21,104","2,123"
Plumas,2003,"52,485,861","20,881","2,514"
Riverside,2020,"5,322,611,767","2,442,304","2,179"
Riverside,2019,"4,804,417,426","2,440,124","1,969"
Riverside,2018,"4,422,407,003","2,415,955","1,831"
Riverside,2017,"4,343,263,894","2,384,783","1,821"
Riverside,2016,"3,858,788,311","2,347,828","1,644"
Riverside,2015,"3,686,292,169","2,308,441","1,597"
Riverside,2014,"3,284,411,738","2,279,967","1,441"
Riverside,2013,"3,158,800,159","2,255,059","1,401"
Riverside,2012,"3,001,667,067","2,227,577","1,348"
Riverside,2011,"3,040,962,693","2,217,778","1,371"
Riverside,2010,"3,016,792,093","2,139,535","1,410"
Riverside,2009,"3,089,346,531","2,107,653","1,466"
Riverside,2008,"3,403,971,969","2,088,322","1,630"
Riverside,2007,"3,061,366,249","2,031,625","1,507"
Riverside,2006,"2,710,873,152","1,953,330","1,388"
Riverside,2005,"2,981,336,198","1,877,000","1,588"
Riverside,2004,"2,155,861,591","1,776,743","1,213"
Riverside,2003,"1,918,938,152","1,705,537","1,125"
Sacramento,2020,"3,869,082,596","1,555,365","2,488"
Sacramento,2019,"3,558,483,000","1,546,174","2,301"
Sacramento,2018,"3,481,911,000","1,529,501","2,277"
Sacramento,2017,"3,355,290,000","1,514,770","2,215"
Sacramento,2016,"2,851,784,075","1,495,297","1,907"
Sacramento,2015,"2,627,507,359","1,470,912","1,786"
Sacramento,2014,"2,563,130,641","1,454,406","1,762"
Sacramento,2013,"2,541,160,948","1,445,806","1,758"
Sacramento,2012,"2,337,262,306","1,435,153","1,629"
Sacramento,2011,"2,351,892,705","1,428,355","1,647"
Sacramento,2010,"2,408,744,247","1,445,327","1,667"
Sacramento,2009,"2,501,925,536","1,433,187","1,746"
Sacramento,2008,"2,570,356,450","1,424,415","1,804"
Sacramento,2007,"2,548,895,112","1,406,804","1,812"
Sacramento,2006,"2,448,289,609","1,385,607","1,767"
Sacramento,2005,"2,616,692,395","1,369,855","1,910"
Sacramento,2004,"2,219,436,667","1,335,368","1,662"
Sacramento,2003,"2,111,218,889","1,309,611","1,612"
San Benito,2020,"113,529,495","62,353","1,821"
San Benito,2019,"106,119,007","62,296","1,703"
San Benito,2018,"95,824,947","57,088","1,679"
San Benito,2017,"79,747,356","56,854","1,403"
San Benito,2016,"78,131,810","56,648","1,379"
San Benito,2015,"73,258,769","58,344","1,256"
San Benito,2014,"64,489,533","57,517","1,121"
San Benito,2013,"66,238,193","56,669","1,169"
San Benito,2012,"69,649,394","55,815","1,248"
San Benito,2011,"82,965,152","55,619","1,492"
San Benito,2010,"69,841,563","58,388","1,196"
San Benito,2009,"74,922,224","58,016","1,291"
San Benito,2008,"73,819,155","57,784","1,278"
San Benito,2007,"69,443,636","57,803","1,201"
San Benito,2006,"64,554,126","57,627","1,120"
San Benito,2005,"56,795,939","57,602",986
San Benito,2004,"54,087,152","57,116",947
San Benito,2003,"56,569,243","56,309","1,005"
San Bernardino,2020,"5,339,364,443","2,180,537","2,449"
San Bernardino,2019,"5,123,350,918","2,192,203","2,337"
San Bernardino,2018,"4,394,560,180","2,174,938","2,021"
San Bernardino,2017,"4,141,319,948","2,160,256","1,917"
San Bernardino,2016,"3,639,228,514","2,139,570","1,701"
San Bernardino,2015,"3,639,592,464","2,104,291","1,730"
San Bernardino,2014,"3,517,791,026","2,085,669","1,687"
San Bernardino,2013,"3,300,520,586","2,076,274","1,590"
San Bernardino,2012,"3,074,142,479","2,063,919","1,489"
San Bernardino,2011,"3,029,008,350","2,052,397","1,476"
San Bernardino,2010,"2,907,172,535","2,073,149","1,402"
San Bernardino,2009,"2,881,960,084","2,060,950","1,398"
San Bernardino,2008,"2,893,229,762","2,055,766","1,407"
San Bernardino,2007,"2,813,005,419","2,028,013","1,387"
San Bernardino,2006,"2,594,073,256","1,991,829","1,302"
San Bernardino,2005,"2,650,694,976","1,946,202","1,362"
San Bernardino,2004,"2,890,602,510","1,886,481","1,532"
San Bernardino,2003,"2,364,214,132","1,832,966","1,290"
San Diego,2020,"5,713,399,199","3,343,355","1,709"
San Diego,2019,"5,184,172,580","3,351,786","1,547"
San Diego,2018,"4,872,062,011","3,337,456","1,460"
San Diego,2017,"4,389,789,349","3,316,192","1,324"
San Diego,2016,"4,055,061,156","3,288,612","1,233"
San Diego,2015,"3,961,432,413","3,227,496","1,227"
San Diego,2014,"4,051,682,174","3,194,362","1,268"
San Diego,2013,"3,726,020,023","3,150,178","1,183"
San Diego,2012,"3,636,755,644","3,143,429","1,157"
San Diego,2011,"3,585,198,343","3,118,876","1,150"
San Diego,2010,"3,578,464,437","3,224,432","1,110"
San Diego,2009,"3,558,727,647","3,173,407","1,121"
San Diego,2008,"3,582,174,357","3,146,274","1,139"
San Diego,2007,"3,404,667,272","3,098,269","1,099"
San Diego,2006,"3,432,484,814","3,066,820","1,119"
San Diego,2005,"3,096,471,290","3,051,280","1,015"
San Diego,2004,"3,202,216,667","3,017,204","1,061"
San Diego,2003,"3,240,504,105","2,961,579","1,094"
San Joaquin,2020,"1,841,724,330","773,632","2,381"
San Joaquin,2019,"1,747,994,295","770,385","2,269"
San Joaquin,2018,"1,701,785,835","758,744","2,243"
San Joaquin,2017,"1,439,251,199","746,868","1,927"
San Joaquin,2016,"1,230,007,396","733,383","1,677"
San Joaquin,2015,"1,233,198,136","719,511","1,714"
San Joaquin,2014,"1,105,782,835","710,731","1,556"
San Joaquin,2013,"1,050,538,180","698,414","1,504"
San Joaquin,2012,"1,029,602,233","695,750","1,480"
San Joaquin,2011,"1,056,606,033","690,899","1,529"
San Joaquin,2010,"1,019,891,185","694,293","1,469"
San Joaquin,2009,"1,040,616,341","689,480","1,509"
San Joaquin,2008,"1,073,440,780","685,660","1,566"
San Joaquin,2007,"1,050,534,406","679,687","1,546"
San Joaquin,2006,"1,004,651,097","668,265","1,503"
San Joaquin,2005,"905,722,899","653,333","1,386"
San Joaquin,2004,"821,967,937","630,577","1,304"
San Joaquin,2003,"788,679,778","613,490","1,286"
San Luis Obispo,2020,"714,897,644","277,259","2,578"
San Luis Obispo,2019,"707,485,856","280,393","2,523"
San Luis Obispo,2018,"615,588,420","280,101","2,198"
San Luis Obispo,2017,"604,606,437","280,101","2,159"
San Luis Obispo,2016,"536,058,993","277,977","1,928"
San Luis Obispo,2015,"534,080,222","274,293","1,947"
San Luis Obispo,2014,"516,562,520","272,357","1,897"
San Luis Obispo,2013,"466,887,808","272,177","1,715"
San Luis Obispo,2012,"424,204,522","271,483","1,563"
San Luis Obispo,2011,"412,836,448","270,966","1,524"
San Luis Obispo,2010,"414,641,961","273,231","1,518"
San Luis Obispo,2009,"421,079,073","270,429","1,557"
San Luis Obispo,2008,"439,578,151","269,337","1,632"
San Luis Obispo,2007,"415,291,027","264,900","1,568"
San Luis Obispo,2006,"383,861,377","263,242","1,458"
San Luis Obispo,2005,"339,452,446","260,727","1,302"
San Luis Obispo,2004,"473,932,534","258,204","1,835"
San Luis Obispo,2003,"349,791,976","256,254","1,365"
San Mateo,2020,"2,386,806,900","773,244","3,087"
San Mateo,2019,"2,280,789,608","774,485","2,945"
San Mateo,2018,"1,975,047,219","774,155","2,551"
San Mateo,2017,"1,732,198,692","770,203","2,249"
San Mateo,2016,"1,482,666,461","766,041","1,935"
San Mateo,2015,"1,379,268,826","753,123","1,831"
San Mateo,2014,"1,460,998,295","745,193","1,961"
San Mateo,2013,"1,236,227,553","735,678","1,680"
San Mateo,2012,"1,191,763,043","729,443","1,634"
San Mateo,2011,"1,181,002,071","724,702","1,630"
San Mateo,2010,"1,157,703,664","754,285","1,535"
San Mateo,2009,"1,157,897,256","745,858","1,552"
San Mateo,2008,"1,112,296,448","739,469","1,504"
San Mateo,2007,"1,098,656,404","733,496","1,498"
San Mateo,2006,"1,039,209,525","724,104","1,435"
San Mateo,2005,"965,395,076","723,453","1,334"
San Mateo,2004,"894,177,012","712,386","1,255"
San Mateo,2003,"812,469,359","717,041","1,133"
Santa Barbara,2020,"1,137,564,006","451,840","2,518"
Santa Barbara,2019,"1,105,431,671","454,593","2,432"
Santa Barbara,2018,"917,615,110","453,457","2,024"
Santa Barbara,2017,"880,935,692","450,663","1,955"
Santa Barbara,2016,"786,760,668","446,717","1,761"
Santa Barbara,2015,"767,674,135","437,643","1,754"
Santa Barbara,2014,"703,415,222","433,398","1,623"
Santa Barbara,2013,"727,377,855","429,200","1,695"
Santa Barbara,2012,"721,802,445","427,267","1,689"
Santa Barbara,2011,"727,551,557","426,189","1,707"
Santa Barbara,2010,"726,248,911","434,481","1,672"
Santa Barbara,2009,"706,068,296","431,312","1,637"
Santa Barbara,2008,"725,396,333","428,655","1,692"
Santa Barbara,2007,"681,974,837","424,425","1,607"
Santa Barbara,2006,"645,337,661","421,625","1,531"
Santa Barbara,2005,"624,139,860","419,260","1,489"
Santa Barbara,2004,"561,889,679","414,796","1,355"
Santa Barbara,2003,"525,335,136","410,277","1,280"
Santa Clara,2020,"7,452,842,503","1,961,969","3,799"
Santa Clara,2019,"6,656,896,820","1,954,286","3,406"
Santa Clara,2018,"5,849,545,320","1,956,598","2,990"
Santa Clara,2017,"5,625,107,619","1,938,180","2,902"
Santa Clara,2016,"5,077,915,977","1,927,888","2,634"
Santa Clara,2015,"4,589,941,453","1,889,638","2,429"
Santa Clara,2014,"3,955,680,734","1,868,558","2,117"
Santa Clara,2013,"4,177,511,573","1,842,254","2,268"
Santa Clara,2012,"3,371,375,572","1,816,486","1,856"
Santa Clara,2011,"3,524,443,577","1,797,375","1,961"
Santa Clara,2010,"3,309,176,671","1,880,876","1,759"
Santa Clara,2009,"3,590,999,782","1,857,621","1,933"
Santa Clara,2008,"3,216,312,979","1,837,075","1,751"
Santa Clara,2007,"3,096,751,301","1,808,056","1,713"
Santa Clara,2006,"2,973,264,006","1,773,258","1,677"
Santa Clara,2005,"2,782,421,072","1,759,585","1,581"
Santa Clara,2004,"2,586,774,363","1,731,422","1,494"
Santa Clara,2003,"2,601,486,049","1,729,917","1,504"
Santa Cruz,2020,"709,956,799","271,233","2,618"
Santa Cruz,2019,"665,270,259","274,871","2,420"
Santa Cruz,2018,"598,600,452","276,864","2,162"
Santa Cruz,2017,"566,813,218","276,603","2,049"
Santa Cruz,2016,"460,639,814","275,902","1,670"
Santa Cruz,2015,"442,402,666","271,646","1,629"
Santa Cruz,2014,"419,426,941","271,595","1,544"
Santa Cruz,2013,"400,041,675","266,662","1,500"
Santa Cruz,2012,"389,919,669","265,981","1,466"
Santa Cruz,2011,"489,190,420","264,430","1,850"
Santa Cruz,2010,"369,056,621","272,201","1,356"
Santa Cruz,2009,"371,429,213","268,637","1,383"
Santa Cruz,2008,"395,343,513","266,519","1,483"
Santa Cruz,2007,"380,471,181","264,125","1,440"
Santa Cruz,2006,"359,491,525","262,351","1,370"
Santa Cruz,2005,"330,088,664","260,240","1,268"
Santa Cruz,2004,"304,903,578","260,218","1,172"
Santa Cruz,2003,"296,484,298","259,844","1,141"
Shasta,2020,"377,476,010","178,045","2,120"
Shasta,2019,"380,377,816","178,773","2,128"
Shasta,2018,"364,618,422","178,271","2,045"
Shasta,2017,"325,291,176","178,605","1,821"
Shasta,2016,"289,870,881","178,592","1,623"
Shasta,2015,"279,509,714","178,673","1,564"
Shasta,2014,"282,125,313","179,412","1,572"
Shasta,2013,"285,317,564","178,601","1,598"
Shasta,2012,"255,221,598","177,823","1,435"
Shasta,2011,"262,906,976","177,924","1,478"
Shasta,2010,"275,079,808","184,247","1,493"
Shasta,2009,"265,601,044","183,023","1,451"
Shasta,2008,"279,264,156","182,236","1,532"
Shasta,2007,"263,803,731","181,401","1,454"
Shasta,2006,"253,265,601","181,483","1,396"
Shasta,2005,"233,632,827","178,197","1,311"
Shasta,2004,"216,230,408","175,705","1,231"
Shasta,2003,"264,971,138","172,033","1,540"
Sierra,2020,"25,717,884","3,201","8,034"
Sierra,2019,"22,308,371","3,213","6,943"
Sierra,2018,"23,587,214","3,207","7,355"
Sierra,2017,"19,247,389","3,207","6,002"
Sierra,2016,"18,372,274","3,203","5,736"
Sierra,2015,"17,875,526","3,105","5,757"
Sierra,2014,"20,672,620","3,089","6,692"
Sierra,2013,"19,153,538","3,166","6,050"
Sierra,2012,"18,407,013","3,152","5,840"
Sierra,2011,"20,446,695","3,248","6,295"
Sierra,2010,"23,317,701","3,303","7,060"
Sierra,2009,"20,237,321","3,358","6,027"
Sierra,2008,"18,120,775","3,380","5,361"
Sierra,2007,"17,512,655","3,485","5,025"
Sierra,2006,"15,353,708","3,501","4,386"
Sierra,2005,"13,550,098","3,538","3,830"
Sierra,2004,"13,048,881","3,524","3,703"
Sierra,2003,"14,959,909","3,515","4,256"
Siskiyou,2020,"115,368,433","44,461","2,595"
Siskiyou,2019,"112,614,732","44,584","2,526"
Siskiyou,2018,"107,583,647","44,612","2,412"
Siskiyou,2017,"96,104,592","44,688","2,151"
Siskiyou,2016,"88,510,849","44,739","1,978"
Siskiyou,2015,"92,420,912","45,119","2,048"
Siskiyou,2014,"90,699,766","45,231","2,005"
Siskiyou,2013,"84,578,397","44,796","1,888"
Siskiyou,2012,"85,769,449","44,639","1,921"
Siskiyou,2011,"95,626,110","45,084","2,121"
Siskiyou,2010,"102,441,903","46,010","2,227"
Siskiyou,2009,"107,494,442","45,973","2,338"
Siskiyou,2008,"97,914,978","45,971","2,130"
Siskiyou,2007,"91,151,056","45,953","1,984"
Siskiyou,2006,"91,533,173","46,146","1,984"
Siskiyou,2005,"89,168,536","45,819","1,946"
Siskiyou,2004,"79,957,793","44,861","1,782"
Siskiyou,2003,"80,179,574","44,411","1,805"
Solano,2020,"776,688,963","440,224","1,764"
Solano,2019,"778,984,684","441,307","1,765"
Solano,2018,"762,135,735","439,793","1,733"
Solano,2017,"713,850,543","436,023","1,637"
Solano,2016,"655,785,885","431,498","1,520"
Solano,2015,"601,544,357","429,552","1,400"
Solano,2014,"584,957,743","424,233","1,379"
Solano,2013,"614,609,630","418,387","1,469"
Solano,2012,"527,687,683","413,786","1,275"
Solano,2011,"560,420,451","414,509","1,352"
Solano,2010,"566,985,334","427,837","1,325"
Solano,2009,"565,610,019","426,729","1,325"
Solano,2008,"580,546,882","426,757","1,360"
Solano,2007,"566,703,683","424,823","1,334"
Solano,2006,"597,371,590","422,848","1,413"
Solano,2005,"527,756,463","421,657","1,252"
Solano,2004,"579,758,233","416,463","1,392"
Solano,2003,"611,726,876","411,967","1,485"
Sonoma,2020,"1,261,114,099","492,980","2,558"
Sonoma,2019,"1,266,760,855","500,675","2,530"
Sonoma,2018,"1,195,437,939","503,332","2,375"
Sonoma,2017,"1,070,620,681","505,120","2,120"
Sonoma,2016,"897,391,618","501,959","1,788"
Sonoma,2015,"869,159,373","496,253","1,751"
Sonoma,2014,"872,800,335","490,486","1,779"
Sonoma,2013,"807,618,219","490,423","1,647"
Sonoma,2012,"764,467,267","487,011","1,570"
Sonoma,2011,"788,060,843","487,125","1,618"
Sonoma,2010,"800,224,980","493,285","1,622"
Sonoma,2009,"734,970,854","486,630","1,510"
Sonoma,2008,"825,314,224","484,470","1,704"
Sonoma,2007,"717,437,137","481,765","1,489"
Sonoma,2006,"677,260,837","479,929","1,411"
Sonoma,2005,"653,415,998","478,440","1,366"
Sonoma,2004,"607,397,257","472,725","1,285"
Sonoma,2003,"571,678,294","472,686","1,209"
Stanislaus,2020,"1,417,590,466","557,709","2,542"
Stanislaus,2019,"1,180,957,213","558,972","2,113"
Stanislaus,2018,"1,106,325,374","555,624","1,991"
Stanislaus,2017,"1,039,155,522","548,057","1,896"
Stanislaus,2016,"888,198,544","540,214","1,644"
Stanislaus,2015,"818,809,796","532,297","1,538"
Stanislaus,2014,"776,130,194","526,042","1,475"
Stanislaus,2013,"744,277,116","524,124","1,420"
Stanislaus,2012,"691,605,486","519,940","1,330"
Stanislaus,2011,"726,642,911","517,685","1,404"
Stanislaus,2010,"714,741,997","530,584","1,347"
Stanislaus,2009,"713,856,333","526,383","1,356"
Stanislaus,2008,"759,437,656","525,903","1,444"
Stanislaus,2007,"728,223,688","521,497","1,396"
Stanislaus,2006,"759,854,717","514,370","1,477"
Stanislaus,2005,"660,072,555","504,482","1,308"
Stanislaus,2004,"668,101,705","491,929","1,358"
Stanislaus,2003,"603,503,091","481,604","1,253"
Sutter,2020,"219,836,204","100,750","2,182"
Sutter,2019,"236,018,824","97,490","2,421"
Sutter,2018,"193,095,959","97,238","1,986"
Sutter,2017,"161,056,973","96,956","1,661"
Sutter,2016,"147,910,514","97,308","1,520"
Sutter,2015,"147,462,224","95,948","1,537"
Sutter,2014,"142,945,835","95,733","1,493"
Sutter,2013,"143,270,117","95,851","1,495"
Sutter,2012,"136,502,679","95,065","1,436"
Sutter,2011,"135,588,601","95,800","1,415"
Sutter,2010,"131,230,645","99,154","1,324"
Sutter,2009,"138,115,558","96,554","1,430"
Sutter,2008,"137,892,779","95,878","1,438"
Sutter,2007,"130,956,585","93,919","1,394"
Sutter,2006,"120,587,771","91,450","1,319"
Sutter,2005,"110,728,260","88,945","1,245"
Sutter,2004,"102,810,779","85,511","1,202"
Sutter,2003,"97,981,112","83,241","1,177"
Tehama,2020,"151,252,671","65,129","2,322"
Tehama,2019,"141,114,148","64,387","2,192"
Tehama,2018,"129,771,624","64,039","2,026"
Tehama,2017,"129,744,232","63,995","2,027"
Tehama,2016,"112,894,969","63,934","1,766"
Tehama,2015,"113,479,286","64,323","1,764"
Tehama,2014,"122,148,170","63,717","1,917"
Tehama,2013,"103,104,029","63,772","1,617"
Tehama,2012,"95,863,453","63,177","1,517"
Tehama,2011,"102,203,350","63,950","1,598"
Tehama,2010,"95,880,847","63,100","1,520"
Tehama,2009,"100,817,216","62,836","1,604"
Tehama,2008,"104,510,431","62,419","1,674"
Tehama,2007,"96,776,867","61,774","1,567"
Tehama,2006,"96,808,359","61,533","1,573"
Tehama,2005,"86,355,170","60,019","1,439"
Tehama,2004,"84,068,621","58,742","1,431"
Tehama,2003,"99,352,604","57,684","1,722"
Trinity,2020,"74,630,228","13,548","5,509"
Trinity,2019,"60,099,392","13,688","4,391"
Trinity,2018,"61,360,368","13,635","4,500"
Trinity,2017,"52,351,633","13,628","3,841"
Trinity,2016,"55,094,161","13,667","4,031"
Trinity,2015,"50,487,997","13,571","3,720"
Trinity,2014,"46,641,275","13,389","3,484"
Trinity,2013,"41,344,852","13,443","3,076"
Trinity,2012,"38,879,340","13,722","2,833"
Trinity,2011,"39,764,045","13,853","2,870"
Trinity,2010,"40,785,338","13,898","2,935"
Trinity,2009,"46,979,739","13,959","3,366"
Trinity,2008,"51,607,738","13,966","3,695"
Trinity,2007,"44,026,270","14,171","3,107"
Trinity,2006,"42,010,140","14,024","2,996"
Trinity,2005,"46,863,102","13,749","3,408"
Trinity,2004,"47,130,197","13,455","3,503"
Trinity,2003,"46,358,449","13,319","3,481"
Tulare,2020,"1,014,043,584","479,977","2,113"
Tulare,2019,"1,007,063,062","479,112","2,102"
Tulare,2018,"907,474,356","475,834","1,907"
Tulare,2017,"833,047,726","471,842","1,766"
Tulare,2016,"750,322,651","466,339","1,609"
Tulare,2015,"711,263,207","462,189","1,539"
Tulare,2014,"689,923,821","459,446","1,502"
Tulare,2013,"669,540,337","455,599","1,470"
Tulare,2012,"667,133,295","450,840","1,480"
Tulare,2011,"660,327,241","446,837","1,478"
Tulare,2010,"646,236,044","447,814","1,443"
Tulare,2009,"659,113,055","441,481","1,493"
Tulare,2008,"631,169,737","435,254","1,450"
Tulare,2007,"612,999,440","429,006","1,429"
Tulare,2006,"565,540,747","420,619","1,345"
Tulare,2005,"528,778,672","409,871","1,290"
Tulare,2004,"498,314,353","396,828","1,256"
Tulare,2003,"490,357,016","386,246","1,270"
Tuolumne,2020,"178,154,387","54,917","3,244"
Tuolumne,2019,"176,162,121","54,590","3,227"
Tuolumne,2018,"153,248,781","54,740","2,800"
Tuolumne,2017,"146,765,324","54,707","2,683"
Tuolumne,2016,"119,346,186","54,900","2,174"
Tuolumne,2015,"115,533,216","54,337","2,126"
Tuolumne,2014,"103,434,997","53,604","1,930"
Tuolumne,2013,"100,646,436","54,360","1,851"
Tuolumne,2012,"103,688,846","53,834","1,926"
Tuolumne,2011,"106,084,301","55,256","1,920"
Tuolumne,2010,"109,759,122","56,086","1,957"
Tuolumne,2009,"114,100,281","56,335","2,025"
Tuolumne,2008,"119,292,172","56,799","2,100"
Tuolumne,2007,"140,880,254","57,223","2,462"
Tuolumne,2006,"127,874,946","58,231","2,196"
Tuolumne,2005,"114,047,955","58,504","1,949"
Tuolumne,2004,"112,025,926","56,946","1,967"
Tuolumne,2003,"103,969,526","56,473","1,841"
Ventura,2020,"2,402,570,115","842,886","2,850"
Ventura,2019,"2,338,009,501","856,598","2,729"
Ventura,2018,"1,993,356,302","859,073","2,320"
Ventura,2017,"1,900,770,086","857,386","2,217"
Ventura,2016,"1,545,674,626","856,508","1,805"
Ventura,2015,"1,507,676,039","848,073","1,778"
Ventura,2014,"1,461,065,531","842,967","1,733"
Ventura,2013,"1,378,237,404","835,436","1,650"
Ventura,2012,"1,328,768,893","832,970","1,595"
Ventura,2011,"1,346,461,638","828,383","1,625"
Ventura,2010,"1,253,259,525","844,713","1,484"
Ventura,2009,"1,242,658,667","836,080","1,486"
Ventura,2008,"1,204,782,462","831,587","1,449"
Ventura,2007,"1,135,269,365","825,512","1,375"
Ventura,2006,"1,044,952,155","817,346","1,278"
Ventura,2005,"949,797,941","813,052","1,168"
Ventura,2004,"907,388,065","802,436","1,131"
Ventura,2003,"882,725,441","791,310","1,116"
Yolo,2020,"444,069,628","221,705","2,003"
Yolo,2019,"427,372,305","222,581","1,920"
Yolo,2018,"388,966,661","221,270","1,758"
Yolo,2017,"329,855,079","218,896","1,507"
Yolo,2016,"312,607,775","214,555","1,457"
Yolo,2015,"282,337,607","209,393","1,348"
Yolo,2014,"290,297,398","206,381","1,407"
Yolo,2013,"287,170,871","205,999","1,394"
Yolo,2012,"244,718,017","202,133","1,211"
Yolo,2011,"261,437,981","201,759","1,296"
Yolo,2010,"255,698,614","202,953","1,260"
Yolo,2009,"258,644,342","200,709","1,289"
Yolo,2008,"258,615,961","199,066","1,299"
Yolo,2007,"251,276,651","193,983","1,295"
Yolo,2006,"226,857,392","190,344","1,192"
Yolo,2005,"216,190,807","187,743","1,152"
Yolo,2004,"195,571,410","184,487","1,060"
Yolo,2003,"220,687,939","181,291","1,217"
Yuba,2020,"257,007,735","78,887","3,258"
Yuba,2019,"223,336,366","77,916","2,866"
Yuba,2018,"201,513,652","74,727","2,697"
Yuba,2017,"171,928,957","74,577","2,305"
Yuba,2016,"169,254,751","74,345","2,277"
Yuba,2015,"174,267,866","74,076","2,353"
Yuba,2014,"146,826,986","73,682","1,993"
Yuba,2013,"139,896,418","73,439","1,905"
Yuba,2012,"115,470,037","72,615","1,590"
Yuba,2011,"127,209,003","72,479","1,755"
Yuba,2010,"120,963,822","73,380","1,648"
Yuba,2009,"126,559,988","72,900","1,736"
Yuba,2008,"137,237,423","71,929","1,908"
Yuba,2007,"126,481,406","70,745","1,788"
Yuba,2006,"120,119,483","69,827","1,720"
Yuba,2005,"100,090,654","66,734","1,500"
Yuba,2004,"96,186,352","64,840","1,483"
Yuba,2003,"103,401,286","62,847","1,645"
