GeoFIPS,GeoName,Region,TableName,LineCode,IndustryClassification,Description,Unit,2001,2002,2003,2004,2005,2006,2007,2008,2009,2010,2011,2012,2013,2014,2015,2016,2017,2018,2019,2020
" ""06000""",California,8,CAGDP1,1,...,Real GDP (thousands of chained 2012 dollars),Thousands of chained 2012 dollars,1692324096,1722522394,1789998529,1850904494,1926842091,2002437419,2041192189,2061638773,1995439659,2036015045,2063827510,2113096440,2179228960,2256054739,2357452911,2427894598,2541769255,2643576256,2739343439,2663665940
" ""06000""",California,8,CAGDP1,2,...,Chain-type quantity indexes for real GDP,Quantity index,80.087,81.517,84.71,87.592,91.186,94.763,96.597,97.565,94.432,96.352,97.668,100,103.13,106.765,111.564,114.897,120.286,125.104,129.636,126.055
" ""06000""",California,8,CAGDP1,3,...,Current-dollar GDP (thousands of current dollars),Thousands of dollars,1375761291,1418429562,1497918657,1588177383,1698560406,1812209985,1898902003,1944695344,1890165874,1954092678,2023500032,2113096440,2220389868,2335286492,2473555865,2569634021,2730973927,2895100990,3052645229,3007187685
" ""06001""","Alameda, CA",8,CAGDP1,1,...,Real GDP (thousands of chained 2012 dollars),Thousands of chained 2012 dollars,81799434,82586379,85770014,86759897,88531458,91123342,92343105,92642910,88331445,91371069,93209610,95749481,98669945,102333785,109421599,112943702,119117078,123718310,126183638,121709013
" ""06001""","Alameda, CA",8,CAGDP1,2,...,Chain-type quantity indexes for real GDP,Quantity index,85.431,86.253,89.578,90.611,92.462,95.168,96.442,96.756,92.253,95.427,97.347,100,103.05,106.877,114.279,117.958,124.405,129.21,131.785,127.112
" ""06001""","Alameda, CA",8,CAGDP1,3,...,Current-dollar GDP (thousands of current dollars),Thousands of dollars,67417419,69148785,72558587,74962982,78323178,82698824,85877056,87239620,85090729,88407850,91283763,95749481,100521444,105936777,115791781,121053460,129028899,136168877,141888634,139313240
" ""06003""","Alpine, CA",8,CAGDP1,1,...,Real GDP (thousands of chained 2012 dollars),Thousands of chained 2012 dollars,77007,79634,81083,78131,79197,80164,87598,84430,81534,85967,96195,95294,91773,98299,100790,99622,99643,100131,104501,94421
" ""06003""","Alpine, CA",8,CAGDP1,2,...,Chain-type quantity indexes for real GDP,Quantity index,80.809,83.567,85.086,81.989,83.108,84.123,91.924,88.6,85.56,90.212,100.945,100,96.305,103.153,105.767,104.542,104.563,105.075,109.661,99.083
" ""06003""","Alpine, CA",8,CAGDP1,3,...,Current-dollar GDP (thousands of current dollars),Thousands of dollars,58668,62172,64541,63844,67562,71016,80894,79975,78545,82770,93872,95294,93927,102705,108503,109263,110843,114055,121948,112415
" ""06005""","Amador, CA",8,CAGDP1,1,...,Real GDP (thousands of chained 2012 dollars),Thousands of chained 2012 dollars,1256091,1448926,1586696,1636165,1615188,1595595,1561085,1538746,1485666,1460247,1441492,1365613,1406048,1419857,1445500,1489618,1570431,1585410,1625096,1571455
" ""06005""","Amador, CA",8,CAGDP1,2,...,Chain-type quantity indexes for real GDP,Quantity index,91.98,106.101,116.189,119.812,118.276,116.841,114.314,112.678,108.791,106.93,105.556,100,102.961,103.972,105.85,109.081,114.998,116.095,119.001,115.073
" ""06005""","Amador, CA",8,CAGDP1,3,...,Current-dollar GDP (thousands of current dollars),Thousands of dollars,943340,1105707,1237591,1327105,1357826,1397073,1416845,1427893,1424456,1412788,1415286,1365613,1440258,1488434,1551133,1617941,1732487,1786296,1870309,1848108
" ""06007""","Butte, CA",8,CAGDP1,1,...,Real GDP (thousands of chained 2012 dollars),Thousands of chained 2012 dollars,6436131,6868645,7143910,7237914,7395227,7651114,7523603,7351131,7548295,7576197,7508928,7363012,7413059,7309623,7600549,8084983,8434322,8543593,8701260,8130900
" ""06007""","Butte, CA",8,CAGDP1,2,...,Chain-type quantity indexes for real GDP,Quantity index,87.412,93.286,97.024,98.301,100.438,103.913,102.181,99.839,102.516,102.895,101.982,100,100.68,99.275,103.226,109.805,114.55,116.034,118.175,110.429
" ""06007""","Butte, CA",8,CAGDP1,3,...,Current-dollar GDP (thousands of current dollars),Thousands of dollars,4910485,5346345,5701177,5973287,6286905,6722921,6852071,6856654,7067534,7227185,7364104,7363012,7602095,7634930,8041364,8649007,9189787,9500527,9893227,9461454
" ""06009""","Calaveras, CA",8,CAGDP1,1,...,Real GDP (thousands of chained 2012 dollars),Thousands of chained 2012 dollars,1118369,1190691,1203472,1173038,1153564,1115192,1096762,1079245,1032893,1125485,1135901,1050964,1017875,1115450,1155026,1242125,1292735,1238320,1412753,1312022
" ""06009""","Calaveras, CA",8,CAGDP1,2,...,Chain-type quantity indexes for real GDP,Quantity index,106.414,113.295,114.511,111.615,109.762,106.111,104.358,102.691,98.281,107.091,108.082,100,96.852,106.136,109.902,118.189,123.005,117.827,134.424,124.84
" ""06009""","Calaveras, CA",8,CAGDP1,3,...,Current-dollar GDP (thousands of current dollars),Thousands of dollars,845570,923450,956335,972339,992806,1000547,1015182,1017842,1001996,1092894,1116348,1050964,1044218,1172626,1246769,1362303,1442782,1415632,1661687,1579783
" ""06011""","Colusa, CA",8,CAGDP1,1,...,Real GDP (thousands of chained 2012 dollars),Thousands of chained 2012 dollars,865406,806110,1048359,867310,894007,946468,952575,1244268,1516543,1292276,1317517,1197262,1283035,1067543,1307706,1294753,1199687,1408034,1244078,1475738
" ""06011""","Colusa, CA",8,CAGDP1,2,...,Chain-type quantity indexes for real GDP,Quantity index,72.282,67.329,87.563,72.441,74.671,79.053,79.563,103.926,126.668,107.936,110.044,100,107.164,89.165,109.225,108.143,100.203,117.604,103.91,123.259
" ""06011""","Colusa, CA",8,CAGDP1,3,...,Current-dollar GDP (thousands of current dollars),Thousands of dollars,619472,567204,783810,706015,727268,781692,869861,1187419,1246194,1152283,1304543,1197262,1322530,1128142,1378865,1344228,1272562,1524227,1372137,1629003
" ""06013""","Contra Costa, CA",8,CAGDP1,1,...,Real GDP (thousands of chained 2012 dollars),Thousands of chained 2012 dollars,67604311,67365933,68037682,71374693,77435260,77426264,74993127,92104079,80291378,71784332,62111669,62207407,63766282,68582988,69342707,68732088,71878033,76615513,79295699,76705181
" ""06013""","Contra Costa, CA",8,CAGDP1,2,...,Chain-type quantity indexes for real GDP,Quantity index,108.676,108.292,109.372,114.737,124.479,124.465,120.553,148.06,129.07,115.395,99.846,100,102.506,110.249,111.47,110.489,115.546,123.161,127.47,123.306
" ""06013""","Contra Costa, CA",8,CAGDP1,3,...,Current-dollar GDP (thousands of current dollars),Thousands of dollars,44071179,43693692,46148318,50524735,60310035,64303690,65249786,78926742,63068617,61456190,60007860,62207407,63040706,68282696,68883126,66338536,72093546,80921805,82594531,77484753
" ""06015""","Del Norte, CA",8,CAGDP1,1,...,Real GDP (thousands of chained 2012 dollars),Thousands of chained 2012 dollars,605354,611450,633803,666610,680125,783601,795493,854071,731731,730738,726312,694371,681876,678597,687045,706293,688089,709056,704591,791153
" ""06015""","Del Norte, CA",8,CAGDP1,2,...,Chain-type quantity indexes for real GDP,Quantity index,87.18,88.058,91.277,96.002,97.948,112.85,114.563,122.999,105.38,105.237,104.6,100,98.2,97.728,98.945,101.717,99.095,102.115,101.472,113.938
" ""06015""","Del Norte, CA",8,CAGDP1,3,...,Current-dollar GDP (thousands of current dollars),Thousands of dollars,447408,464969,493907,537628,564643,673596,718036,786504,681502,695485,709359,694371,702037,713736,737641,768446,762253,803749,818416,943173
" ""06017""","El Dorado, CA",8,CAGDP1,1,...,Real GDP (thousands of chained 2012 dollars),Thousands of chained 2012 dollars,5284067,5709892,5828543,6061352,6182343,6360255,6235833,6213848,6060324,6077003,6196566,5984844,6059506,6254485,6432666,6908588,7238157,7471362,7435270,6926104
" ""06017""","El Dorado, CA",8,CAGDP1,2,...,Chain-type quantity indexes for real GDP,Quantity index,88.291,95.406,97.388,101.278,103.3,106.273,104.194,103.826,101.261,101.54,103.538,100,101.248,104.505,107.483,115.435,120.941,124.838,124.235,115.727
" ""06017""","El Dorado, CA",8,CAGDP1,3,...,Current-dollar GDP (thousands of current dollars),Thousands of dollars,4093675,4528222,4722121,5066626,5356315,5721229,5785207,5854817,5848034,5885838,6076146,5984844,6197638,6548820,6919116,7565475,8051829,8501615,8669087,8294970
" ""06019""","Fresno, CA",8,CAGDP1,1,...,Real GDP (thousands of chained 2012 dollars),Thousands of chained 2012 dollars,28184530,30398297,32093105,32709314,33944485,35837239,34879624,33768459,34242028,34497120,34809834,33632200,34890011,35928123,37347858,38649137,39921581,41016044,42111573,41216318
" ""06019""","Fresno, CA",8,CAGDP1,2,...,Chain-type quantity indexes for real GDP,Quantity index,83.802,90.385,95.424,97.256,100.929,106.556,103.709,100.405,101.813,102.572,103.502,100,103.74,106.827,111.048,114.917,118.7,121.955,125.212,122.55
" ""06019""","Fresno, CA",8,CAGDP1,3,...,Current-dollar GDP (thousands of current dollars),Thousands of dollars,21154630,23158276,25193165,26809282,28194305,30512159,31281600,30957973,31413078,32482865,34096279,33632200,35768408,37243466,38655894,40005910,42158517,44073282,46177593,45932182
" ""06021""","Glenn, CA",8,CAGDP1,1,...,Real GDP (thousands of chained 2012 dollars),Thousands of chained 2012 dollars,828906,828773,841664,858961,914960,830365,1036433,1063351,1186452,1088832,1025155,968053,1053121,945814,954441,1018131,982720,1103979,1124597,1305510
" ""06021""","Glenn, CA",8,CAGDP1,2,...,Chain-type quantity indexes for real GDP,Quantity index,85.626,85.612,86.944,88.731,94.516,85.777,107.064,109.844,122.561,112.476,105.899,100,108.787,97.703,98.594,105.173,101.515,114.041,116.171,134.859
" ""06021""","Glenn, CA",8,CAGDP1,3,...,Current-dollar GDP (thousands of current dollars),Thousands of dollars,597473,595137,636374,695560,736564,682698,928624,989323,976300,962680,1003673,968053,1083815,962881,948132,990134,985747,1119868,1157124,1349202
" ""06023""","Humboldt, CA",8,CAGDP1,1,...,Real GDP (thousands of chained 2012 dollars),Thousands of chained 2012 dollars,4350057,4515957,4669025,4713676,4676410,4686975,4604222,4757798,4678757,4960006,4955117,4779382,4752274,4708055,4825000,4870723,4986467,5053603,5185967,4974904
" ""06023""","Humboldt, CA",8,CAGDP1,2,...,Chain-type quantity indexes for real GDP,Quantity index,91.017,94.488,97.691,98.625,97.845,98.067,96.335,99.548,97.895,103.779,103.677,100,99.433,98.508,100.954,101.911,104.333,105.738,108.507,104.091
" ""06023""","Humboldt, CA",8,CAGDP1,3,...,Current-dollar GDP (thousands of current dollars),Thousands of dollars,3308090,3501827,3714095,3900617,3974152,4108367,4181261,4401058,4390370,4723146,4840369,4779382,4882660,4940229,5152070,5264271,5483870,5679488,5966167,5877389
" ""06025""","Imperial, CA",8,CAGDP1,1,...,Real GDP (thousands of chained 2012 dollars),Thousands of chained 2012 dollars,5055707,6085250,5656713,5429442,5902836,6314043,6082750,7093442,6844284,6782574,7039372,6640258,7020557,7436925,8042675,8170398,8155429,8102824,8471316,8273072
" ""06025""","Imperial, CA",8,CAGDP1,2,...,Chain-type quantity indexes for real GDP,Quantity index,76.137,91.642,85.188,81.766,88.895,95.087,91.604,106.825,103.073,102.143,106.011,100,105.727,111.998,121.12,123.043,122.818,122.026,127.575,124.59
" ""06025""","Imperial, CA",8,CAGDP1,3,...,Current-dollar GDP (thousands of current dollars),Thousands of dollars,3732421,4471455,4342706,4401007,4782342,5234473,5443080,6453335,6039418,6211488,6905725,6640258,7207886,7659456,8065663,7935108,8170609,8220162,8742543,8566860
" ""06027""","Inyo, CA",8,CAGDP1,1,...,Real GDP (thousands of chained 2012 dollars),Thousands of chained 2012 dollars,888852,1024012,989305,1015571,1004680,1021034,1009879,1038311,1014028,1035891,1018867,1004491,1098490,1086591,1102736,1175758,1224445,1175310,1214209,1182230
" ""06027""","Inyo, CA",8,CAGDP1,2,...,Chain-type quantity indexes for real GDP,Quantity index,88.488,101.943,98.488,101.103,100.019,101.647,100.536,103.367,100.949,103.126,101.431,100,109.358,108.173,109.781,117.05,121.897,117.006,120.878,117.694
" ""06027""","Inyo, CA",8,CAGDP1,3,...,Current-dollar GDP (thousands of current dollars),Thousands of dollars,681872,789933,786716,830637,849597,897254,913662,959042,983398,1006494,1005149,1004491,1128491,1148102,1182671,1268129,1334100,1301856,1375530,1362365
" ""06029""","Kern, CA",8,CAGDP1,1,...,Real GDP (thousands of chained 2012 dollars),Thousands of chained 2012 dollars,27651931,31074712,30772705,33320481,35506212,40304624,44041478,42722024,45552481,43467286,42644421,46566041,45534651,45615554,45836337,45928331,46781960,47738604,49221208,48674498
" ""06029""","Kern, CA",8,CAGDP1,2,...,Chain-type quantity indexes for real GDP,Quantity index,59.382,66.733,66.084,71.555,76.249,86.554,94.579,91.745,97.823,93.345,91.578,100,97.785,97.959,98.433,98.631,100.464,102.518,105.702,104.528
" ""06029""","Kern, CA",8,CAGDP1,3,...,Current-dollar GDP (thousands of current dollars),Thousands of dollars,19623089,21713857,23589105,27215844,31612333,37015331,42621167,46229974,39794433,41945330,44069637,46566041,47122155,47419015,42022371,41004491,43959990,46923468,47506713,45185758
" ""06031""","Kings, CA",8,CAGDP1,1,...,Real GDP (thousands of chained 2012 dollars),Thousands of chained 2012 dollars,4350004,4591095,5040485,5267905,5501006,5120762,5932036,5310546,4816012,4926324,5625719,5097311,5102357,5508259,5418677,5687938,5924008,5882811,6054971,6266094
" ""06031""","Kings, CA",8,CAGDP1,2,...,Chain-type quantity indexes for real GDP,Quantity index,85.339,90.069,98.885,103.347,107.92,100.46,116.376,104.183,94.481,96.646,110.366,100,100.099,108.062,106.305,111.587,116.218,115.41,118.788,122.929
" ""06031""","Kings, CA",8,CAGDP1,3,...,Current-dollar GDP (thousands of current dollars),Thousands of dollars,3116385,3353058,3822644,4211507,4390711,4185302,5171536,4744223,4411386,4603923,5486274,5097311,5227087,5683825,5569924,5811008,6183574,6220603,6527293,6857784
" ""06033""","Lake, CA",8,CAGDP1,1,...,Real GDP (thousands of chained 2012 dollars),Thousands of chained 2012 dollars,1385305,1584348,1574743,1589149,1573537,1712250,1716471,1706256,1574731,1654537,1647944,1635183,1624472,1746436,1745616,1743577,1768943,1850962,1875971,1883809
" ""06033""","Lake, CA",8,CAGDP1,2,...,Chain-type quantity indexes for real GDP,Quantity index,84.719,96.891,96.304,97.185,96.23,104.713,104.971,104.346,96.303,101.184,100.78,100,99.345,106.804,106.754,106.629,108.18,113.196,114.725,115.205
" ""06033""","Lake, CA",8,CAGDP1,3,...,Current-dollar GDP (thousands of current dollars),Thousands of dollars,1054339,1229494,1254471,1303709,1337604,1517005,1573968,1593093,1522789,1607041,1622681,1635183,1666618,1834407,1866717,1882713,1945888,2078681,2156170,2213607
" ""06035""","Lassen, CA",8,CAGDP1,1,...,Real GDP (thousands of chained 2012 dollars),Thousands of chained 2012 dollars,851805,906232,935553,928176,950455,985665,1010234,1117944,1048685,1174895,1142452,1176584,1159741,1134084,1153813,1191247,1071059,1077095,1071584,1083379
" ""06035""","Lassen, CA",8,CAGDP1,2,...,Chain-type quantity indexes for real GDP,Quantity index,72.397,77.022,79.514,78.887,80.781,83.774,85.862,95.016,89.13,99.856,97.099,100,98.568,96.388,98.065,101.246,91.031,91.544,91.076,92.078
" ""06035""","Lassen, CA",8,CAGDP1,3,...,Current-dollar GDP (thousands of current dollars),Thousands of dollars,630271,688578,732703,753798,796700,855925,918832,1039976,980711,1122274,1122611,1176584,1187685,1181303,1221670,1267577,1158945,1194429,1216359,1257511
" ""06037""","Los Angeles, CA",8,CAGDP1,1,...,Real GDP (thousands of chained 2012 dollars),Thousands of chained 2012 dollars,473306527,482467282,499512771,514064136,525750328,547542672,555951086,569813740,547249104,561409984,571324012,576713190,587370781,604034122,628765253,639934876,662418536,681549961,703781312,659328437
" ""06037""","Los Angeles, CA",8,CAGDP1,2,...,Chain-type quantity indexes for real GDP,Quantity index,82.07,83.658,86.614,89.137,91.163,94.942,96.4,98.804,94.891,97.346,99.066,100,101.848,104.737,109.026,110.962,114.861,118.178,122.033,114.325
" ""06037""","Los Angeles, CA",8,CAGDP1,3,...,Current-dollar GDP (thousands of current dollars),Thousands of dollars,388463854,401632764,421461776,444304422,465922362,497032624,517559678,537541173,520267632,539921212,558788408,576713190,597849809,624867909,661324357,681188404,715267112,752017612,789460877,747523558
" ""06039""","Madera, CA",8,CAGDP1,1,...,Real GDP (thousands of chained 2012 dollars),Thousands of chained 2012 dollars,3296292,3686064,3806442,4334990,4637784,4819111,4813208,4737574,4204961,4883226,4901149,5077248,5136705,5519576,5226294,5765929,6012170,5988270,6194111,6240917
" ""06039""","Madera, CA",8,CAGDP1,2,...,Chain-type quantity indexes for real GDP,Quantity index,64.923,72.6,74.971,85.381,91.344,94.916,94.8,93.31,82.82,96.179,96.532,100,101.171,108.712,102.936,113.564,118.414,117.943,121.997,122.919
" ""06039""","Madera, CA",8,CAGDP1,3,...,Current-dollar GDP (thousands of current dollars),Thousands of dollars,2438059,2769731,2934935,3500921,3727856,3962572,4235263,4239524,3816899,4522761,4787309,5077248,5281242,5652522,5250370,5701986,6106412,6143266,6457150,6544075
" ""06041""","Marin, CA",8,CAGDP1,1,...,Real GDP (thousands of chained 2012 dollars),Thousands of chained 2012 dollars,16974299,17737235,18037937,17101741,16968339,17132556,16646417,16882230,16488858,16714186,16941630,17423348,17998671,18674876,19235345,20738025,22815861,25037176,27175273,26875951
" ""06041""","Marin, CA",8,CAGDP1,2,...,Chain-type quantity indexes for real GDP,Quantity index,97.423,101.802,103.527,98.154,97.389,98.331,95.541,96.894,94.637,95.93,97.235,100,103.302,107.183,110.4,119.024,130.95,143.699,155.97,154.253
" ""06041""","Marin, CA",8,CAGDP1,3,...,Current-dollar GDP (thousands of current dollars),Thousands of dollars,13337027,14238407,14751297,14402186,14724442,15344685,15390799,15884449,15793045,16132967,16582049,17423348,18388535,19467978,20546508,22564871,25290999,28341111,31356722,31516100
" ""06043""","Mariposa, CA",8,CAGDP1,1,...,Real GDP (thousands of chained 2012 dollars),Thousands of chained 2012 dollars,491027,518565,519523,552645,584022,600634,605648,560458,560777,568150,628251,578248,561559,561339,565432,608856,664863,764080,775501,705107
" ""06043""","Mariposa, CA",8,CAGDP1,2,...,Chain-type quantity indexes for real GDP,Quantity index,84.916,89.679,89.844,95.572,100.999,103.871,104.738,96.923,96.979,98.254,108.647,100,97.114,97.076,97.784,105.293,114.979,132.137,134.112,121.939
" ""06043""","Mariposa, CA",8,CAGDP1,3,...,Current-dollar GDP (thousands of current dollars),Thousands of dollars,379161,409715,420166,458731,504110,538912,561814,530456,541201,550374,616847,578248,574625,588632,606394,662300,737874,866784,896544,822575
" ""06045""","Mendocino, CA",8,CAGDP1,1,...,Real GDP (thousands of chained 2012 dollars),Thousands of chained 2012 dollars,2884059,2989947,2987454,2878204,2895964,3027143,2999661,3082360,3062845,3213999,3047664,2968376,2992637,3046083,3104933,3087672,3261212,3290676,3295575,3186549
" ""06045""","Mendocino, CA",8,CAGDP1,2,...,Chain-type quantity indexes for real GDP,Quantity index,97.16,100.727,100.643,96.962,97.561,101.98,101.054,103.84,103.183,108.275,102.671,100,100.817,102.618,104.6,104.019,109.865,110.858,111.023,107.35
" ""06045""","Mendocino, CA",8,CAGDP1,3,...,Current-dollar GDP (thousands of current dollars),Thousands of dollars,2233102,2369246,2413549,2394824,2486936,2677168,2728412,2863668,2928281,3095178,2966769,2968376,3071390,3192443,3329947,3365242,3608641,3714084,3807601,3786796
" ""06047""","Merced, CA",8,CAGDP1,1,...,Real GDP (thousands of chained 2012 dollars),Thousands of chained 2012 dollars,5919851,6243835,6773718,7387247,7706492,7547300,8411584,7401381,7113678,7257104,7459433,7302553,7569363,8309865,8436760,8462554,9012107,8994225,9119281,9099866
" ""06047""","Merced, CA",8,CAGDP1,2,...,Chain-type quantity indexes for real GDP,Quantity index,81.066,85.502,92.758,101.16,105.531,103.352,115.187,101.353,97.414,99.378,102.148,100,103.654,113.794,115.532,115.885,123.41,123.165,124.878,124.612
" ""06047""","Merced, CA",8,CAGDP1,3,...,Current-dollar GDP (thousands of current dollars),Thousands of dollars,4322610,4622374,5164502,5932061,6122186,6105805,7316341,6579466,6360030,6651218,7248138,7302553,7765833,8504657,8496332,8414205,9156662,9207334,9512032,9635342
" ""06049""","Modoc, CA",8,CAGDP1,1,...,Real GDP (thousands of chained 2012 dollars),Thousands of chained 2012 dollars,254132,317061,293681,276198,318992,319802,310278,366867,399660,374712,337664,305295,309876,326281,354063,377226,357793,373250,414965,437915
" ""06049""","Modoc, CA",8,CAGDP1,2,...,Chain-type quantity indexes for real GDP,Quantity index,83.241,103.854,96.196,90.469,104.486,104.752,101.632,120.168,130.909,122.738,110.602,100,101.5,106.874,115.974,123.561,117.196,122.258,135.922,143.44
" ""06049""","Modoc, CA",8,CAGDP1,3,...,Current-dollar GDP (thousands of current dollars),Thousands of dollars,184186,233337,225247,222845,256354,261835,277305,333781,337880,334128,329861,305295,318421,332829,347972,357844,352853,371291,419650,440344
" ""06051""","Mono, CA",8,CAGDP1,1,...,Real GDP (thousands of chained 2012 dollars),Thousands of chained 2012 dollars,832202,902969,946526,908522,1001878,941488,893660,911651,896008,951966,960143,894203,896446,882669,878548,910508,1027563,957625,1016599,922078
" ""06051""","Mono, CA",8,CAGDP1,2,...,Chain-type quantity indexes for real GDP,Quantity index,93.066,100.98,105.851,101.601,112.041,105.288,99.939,101.951,100.202,106.46,107.374,100,100.251,98.71,98.249,101.823,114.914,107.093,113.688,103.117
" ""06051""","Mono, CA",8,CAGDP1,3,...,Current-dollar GDP (thousands of current dollars),Thousands of dollars,613614,680688,731389,733362,841567,825072,818800,853814,855867,914440,941120,894203,917912,921319,937372,985800,1133341,1080809,1173022,1073767
" ""06053""","Monterey, CA",8,CAGDP1,1,...,Real GDP (thousands of chained 2012 dollars),Thousands of chained 2012 dollars,21016429,22188403,22130781,19859471,20305925,21769566,20775170,20448397,21833524,21336279,20088899,20853659,22080506,22452847,24189253,24813563,25122789,25923751,26819709,25387255
" ""06053""","Monterey, CA",8,CAGDP1,2,...,Chain-type quantity indexes for real GDP,Quantity index,100.781,106.401,106.124,95.233,97.373,104.392,99.624,98.057,104.699,102.314,96.333,100,105.883,107.669,115.995,118.989,120.472,124.313,128.609,121.74
" ""06053""","Monterey, CA",8,CAGDP1,3,...,Current-dollar GDP (thousands of current dollars),Thousands of dollars,15711955,16567742,17241193,16298415,16801554,18423243,18816090,18927624,19710627,20029229,19781610,20853659,22672878,23196299,24498679,24812475,25842936,27129686,28505134,27120792
" ""06055""","Napa, CA",8,CAGDP1,1,...,Real GDP (thousands of chained 2012 dollars),Thousands of chained 2012 dollars,7232664,7612863,7665926,7578715,7945388,7938732,8094511,8168828,7980773,7851423,7726578,8194992,8549080,9117420,9516543,9691673,9870652,9898897,9997969,9482760
" ""06055""","Napa, CA",8,CAGDP1,2,...,Chain-type quantity indexes for real GDP,Quantity index,88.257,92.897,93.544,92.48,96.954,96.873,98.774,99.681,97.386,95.808,94.284,100,104.321,111.256,116.126,118.263,120.447,120.792,122.001,115.714
" ""06055""","Napa, CA",8,CAGDP1,3,...,Current-dollar GDP (thousands of current dollars),Thousands of dollars,5557180,6001691,6143211,6200988,6672805,6823022,7138983,7422453,7625303,7539951,7466481,8194992,8751037,9549425,10250488,10665349,10936029,11100761,11496842,11239687
" ""06057""","Nevada, CA",8,CAGDP1,1,...,Real GDP (thousands of chained 2012 dollars),Thousands of chained 2012 dollars,3131732,3324810,3359521,3335338,3423585,3501326,3529588,3568920,3631194,3805667,3852774,3763288,3882801,3750278,3791590,3874263,3940019,3896864,3982808,3803890
" ""06057""","Nevada, CA",8,CAGDP1,2,...,Chain-type quantity indexes for real GDP,Quantity index,83.218,88.349,89.271,88.628,90.973,93.039,93.79,94.835,96.49,101.126,102.378,100,103.176,99.654,100.752,102.949,104.696,103.549,105.833,101.079
" ""06057""","Nevada, CA",8,CAGDP1,3,...,Current-dollar GDP (thousands of current dollars),Thousands of dollars,2507413,2719582,2796315,2850528,3024209,3193351,3309643,3385057,3511277,3687395,3775389,3763288,3969430,3922704,4073783,4243265,4389801,4432560,4648011,4562074
" ""06059""","Orange, CA",8,CAGDP1,1,...,Real GDP (thousands of chained 2012 dollars),Thousands of chained 2012 dollars,159069691,163346954,174105993,182444486,192103881,199329661,198364936,192391707,182377795,188714925,187813332,193903242,197450269,199942356,207221949,211288031,220075102,226110295,231036264,220845026
" ""06059""","Orange, CA",8,CAGDP1,2,...,Chain-type quantity indexes for real GDP,Quantity index,82.036,84.241,89.79,94.09,99.072,102.799,102.301,99.22,94.056,97.324,96.859,100,101.829,103.114,106.869,108.966,113.497,116.61,119.15,113.894
" ""06059""","Orange, CA",8,CAGDP1,3,...,Current-dollar GDP (thousands of current dollars),Thousands of dollars,129566577,134974969,145603475,156113644,168863689,180280452,183951222,180523223,174409888,181511595,183561224,193903242,201838331,208450046,220982767,229088661,242365259,254207186,266109513,259513508
" ""06061""","Placer, CA",8,CAGDP1,1,...,Real GDP (thousands of chained 2012 dollars),Thousands of chained 2012 dollars,11868187,12626379,13787422,14614152,15490891,15844888,15699190,15553475,15391609,15811099,16028620,16712164,17249785,17636188,18672919,19475977,19894372,20911650,21472690,20860227
" ""06061""","Placer, CA",8,CAGDP1,2,...,Chain-type quantity indexes for real GDP,Quantity index,71.015,75.552,82.499,87.446,92.692,94.811,93.939,93.067,92.098,94.608,95.91,100,103.217,105.529,111.733,116.538,119.041,125.128,128.485,124.821
" ""06061""","Placer, CA",8,CAGDP1,3,...,Current-dollar GDP (thousands of current dollars),Thousands of dollars,10219600,10992532,12088323,13061654,14199816,14880861,15005177,14909130,14936431,15368990,15722300,16712164,17602314,18362942,19841695,20917598,21764929,23382391,24613202,24529112
" ""06063""","Plumas, CA",8,CAGDP1,1,...,Real GDP (thousands of chained 2012 dollars),Thousands of chained 2012 dollars,936169,1020486,1106309,1069464,1039048,1133080,977953,1008752,1019726,1062797,1112325,894393,832963,860931,842431,908021,1006000,940398,1042571,910031
" ""06063""","Plumas, CA",8,CAGDP1,2,...,Chain-type quantity indexes for real GDP,Quantity index,104.671,114.098,123.694,119.574,116.174,126.687,109.343,112.786,114.013,118.829,124.367,100,93.132,96.259,94.19,101.524,112.479,105.144,116.568,101.748
" ""06063""","Plumas, CA",8,CAGDP1,3,...,Current-dollar GDP (thousands of current dollars),Thousands of dollars,717444,792756,886650,897011,903536,1030133,915427,954353,986459,1037210,1101106,894393,859797,921950,918769,994822,1122385,1076459,1216758,1079902
" ""06065""","Riverside, CA",8,CAGDP1,1,...,Real GDP (thousands of chained 2012 dollars),Thousands of chained 2012 dollars,47261277,50270437,53832974,58028997,62151408,65233258,65847956,63951266,61188571,63069973,64340242,64092535,66781669,68486039,71546357,73019473,75327830,78156440,80690542,78285711
" ""06065""","Riverside, CA",8,CAGDP1,2,...,Chain-type quantity indexes for real GDP,Quantity index,73.739,78.434,83.993,90.539,96.971,101.78,102.739,99.78,95.469,98.405,100.386,100,104.196,106.855,111.63,113.928,117.53,121.943,125.897,122.145
" ""06065""","Riverside, CA",8,CAGDP1,3,...,Current-dollar GDP (thousands of current dollars),Thousands of dollars,36615327,39742292,43394289,48231571,53314666,57896929,60409466,59698130,58491205,60632889,62865840,64092535,68314899,71543773,76603285,79409092,83335720,88443662,93798407,93250990
" ""06067""","Sacramento, CA",8,CAGDP1,1,...,Real GDP (thousands of chained 2012 dollars),Thousands of chained 2012 dollars,61242909,62747473,65383775,67410369,70866317,73101669,73877100,73234536,70334338,68514126,69591146,69783186,71528635,73001224,75373407,75648213,77961074,80936234,83951132,81577179
" ""06067""","Sacramento, CA",8,CAGDP1,2,...,Chain-type quantity indexes for real GDP,Quantity index,87.762,89.918,93.696,96.6,101.552,104.755,105.867,104.946,100.79,98.181,99.725,100,102.501,104.611,108.011,108.405,111.719,115.982,120.303,116.901
" ""06067""","Sacramento, CA",8,CAGDP1,3,...,Current-dollar GDP (thousands of current dollars),Thousands of dollars,48411571,50659205,53835398,57082278,61676572,65461837,68045183,68603411,67306626,66240924,68135107,69783186,73313358,76448580,80827219,82271830,86066760,91389605,97075079,96667833
" ""06069""","San Benito, CA",8,CAGDP1,1,...,Real GDP (thousands of chained 2012 dollars),Thousands of chained 2012 dollars,1557910,1641521,1767477,1778545,1811714,1942525,1874416,1745289,1758208,1786455,1780332,1776562,1761947,1834645,1944208,1971059,2075377,2115616,2280142,2199197
" ""06069""","San Benito, CA",8,CAGDP1,2,...,Chain-type quantity indexes for real GDP,Quantity index,87.692,92.399,99.489,100.112,101.979,109.342,105.508,98.24,98.967,100.557,100.212,100,99.177,103.269,109.437,110.948,116.82,119.085,128.346,123.79
" ""06069""","San Benito, CA",8,CAGDP1,3,...,Current-dollar GDP (thousands of current dollars),Thousands of dollars,1180926,1256129,1389146,1458791,1496005,1630076,1666946,1581211,1632469,1680914,1724265,1776562,1806147,1910388,2052909,2098088,2248052,2329705,2567591,2535609
" ""06071""","San Bernardino, CA",8,CAGDP1,1,...,Real GDP (thousands of chained 2012 dollars),Thousands of chained 2012 dollars,54438197,56551989,60222196,64061068,67680495,70059888,71543167,70080880,65776415,66305774,67336498,67620205,69149978,71474503,74181095,75877075,78146465,80460743,83759253,82202264
" ""06071""","San Bernardino, CA",8,CAGDP1,2,...,Chain-type quantity indexes for real GDP,Quantity index,80.506,83.632,89.059,94.737,100.089,103.608,105.801,103.639,97.273,98.056,99.58,100,102.262,105.7,109.703,112.211,115.567,118.989,123.867,121.565
" ""06071""","San Bernardino, CA",8,CAGDP1,3,...,Current-dollar GDP (thousands of current dollars),Thousands of dollars,41879923,44443959,48219992,52857637,57638956,61858433,65100888,65095754,62955286,63880878,65885385,67620205,70632027,74573461,79293006,82282910,86029960,90613064,96785983,97049499
" ""06073""","San Diego, CA",8,CAGDP1,1,...,Real GDP (thousands of chained 2012 dollars),Thousands of chained 2012 dollars,142064204,148243518,155870562,164695156,173137412,177089324,179912955,178717613,171102638,173540455,176546834,178241243,184862880,189967417,195600126,197159662,203932550,209426148,214035153,207747927
" ""06073""","San Diego, CA",8,CAGDP1,2,...,Chain-type quantity indexes for real GDP,Quantity index,79.703,83.17,87.449,92.4,97.137,99.354,100.938,100.267,95.995,97.363,99.049,100,103.715,106.579,109.739,110.614,114.414,117.496,120.082,116.554
" ""06073""","San Diego, CA",8,CAGDP1,3,...,Current-dollar GDP (thousands of current dollars),Thousands of dollars,115056794,122438054,131143091,141858951,152878644,160656914,167416333,168273109,164417694,167899892,173264401,178241243,188473150,197247964,207514333,211862374,222238592,232579152,242950042,240411072
" ""06075""","San Francisco, CA",8,CAGDP1,1,...,Real GDP (thousands of chained 2012 dollars),Thousands of chained 2012 dollars,89414724,84237702,82871760,82046285,86324242,89587043,92046938,91593484,92525391,95335782,101707928,111136403,115524154,124202474,133070744,143841023,155258114,166716731,176392838,175001370
" ""06075""","San Francisco, CA",8,CAGDP1,2,...,Chain-type quantity indexes for real GDP,Quantity index,80.455,75.797,74.568,73.825,77.674,80.61,82.823,82.415,83.254,85.783,91.516,100,103.948,111.757,119.736,129.427,139.701,150.011,158.717,157.465
" ""06075""","San Francisco, CA",8,CAGDP1,3,...,Current-dollar GDP (thousands of current dollars),Thousands of dollars,70209017,67482602,68046671,69642848,75753291,81265795,86433385,87089989,87783385,91902134,99566602,111136403,118240424,129992374,142131189,155675861,170465274,186325201,200475814,201547346
" ""06077""","San Joaquin, CA",8,CAGDP1,1,...,Real GDP (thousands of chained 2012 dollars),Thousands of chained 2012 dollars,20845747,21745960,22712507,23637259,24941209,24375319,24328025,23587642,23369038,22783980,22580295,22741180,23522989,24174906,25314877,25837363,26787016,27808462,28686598,28417585
" ""06077""","San Joaquin, CA",8,CAGDP1,2,...,Chain-type quantity indexes for real GDP,Quantity index,91.665,95.624,99.874,103.94,109.674,107.186,106.978,103.722,102.761,100.188,99.293,100,103.438,106.305,111.317,113.615,117.791,122.282,126.144,124.961
" ""06077""","San Joaquin, CA",8,CAGDP1,3,...,Current-dollar GDP (thousands of current dollars),Thousands of dollars,15863641,16834584,18070365,19492284,21141377,21267654,22080578,22037338,21987266,21764562,22042543,22741180,24082032,25083364,26521546,27274720,28781530,30498417,32207958,32517528
" ""06079""","San Luis Obispo, CA",8,CAGDP1,1,...,Real GDP (thousands of chained 2012 dollars),Thousands of chained 2012 dollars,10995612,12163440,12419563,12489631,12899462,13148423,13050741,12574056,12426976,13053432,13263375,13543650,14001696,14213934,14945906,15194948,15449070,15808438,15901604,15536252
" ""06079""","San Luis Obispo, CA",8,CAGDP1,2,...,Chain-type quantity indexes for real GDP,Quantity index,81.186,89.809,91.7,92.218,95.244,97.082,96.361,92.841,91.755,96.38,97.931,100,103.382,104.949,110.354,112.192,114.069,116.722,117.41,114.712
" ""06079""","San Luis Obispo, CA",8,CAGDP1,3,...,Current-dollar GDP (thousands of current dollars),Thousands of dollars,8345571,9296582,9780658,10167282,10926797,11625215,11960676,11702976,11958736,12626319,13082850,13543650,14350165,14966366,15958334,16246339,16831602,17605794,18143296,18010542
" ""06081""","San Mateo, CA",8,CAGDP1,1,...,Real GDP (thousands of chained 2012 dollars),Thousands of chained 2012 dollars,53500777,50827524,51911354,53673107,55070047,57884093,58759178,58941727,59857406,61063885,63589632,77479232,81182144,85736897,91090406,100239588,113829269,119797765,125850236,124434270
" ""06081""","San Mateo, CA",8,CAGDP1,2,...,Chain-type quantity indexes for real GDP,Quantity index,69.052,65.601,67,69.274,71.077,74.709,75.839,76.074,77.256,78.813,82.073,100,104.779,110.658,117.568,129.376,146.916,154.619,162.431,160.603
" ""06081""","San Mateo, CA",8,CAGDP1,3,...,Current-dollar GDP (thousands of current dollars),Thousands of dollars,45188688,43562876,44784666,46881319,49055447,52764348,54653953,55554229,57593496,58880340,62275518,77479232,82418106,88527187,96053677,106762817,122480233,130289317,138978918,138474105
" ""06083""","Santa Barbara, CA",8,CAGDP1,1,...,Real GDP (thousands of chained 2012 dollars),Thousands of chained 2012 dollars,17976028,18690777,19398289,20025671,20830418,21164197,21554565,22045791,22573538,22375651,22434007,22959581,23302304,23807041,24986874,25172214,25885092,26938329,27183782,26623985
" ""06083""","Santa Barbara, CA",8,CAGDP1,2,...,Chain-type quantity indexes for real GDP,Quantity index,78.294,81.407,84.489,87.221,90.726,92.18,93.88,96.02,98.319,97.457,97.711,100,101.493,103.691,108.83,109.637,112.742,117.329,118.398,115.96
" ""06083""","Santa Barbara, CA",8,CAGDP1,3,...,Current-dollar GDP (thousands of current dollars),Thousands of dollars,14207142,15016801,15948284,16990529,18130207,18917051,19989177,20807686,21227958,21416761,22035189,22959581,23800732,24617577,25885954,26216695,27483494,29114688,29893355,29697904
" ""06085""","Santa Clara, CA",8,CAGDP1,1,...,Real GDP (thousands of chained 2012 dollars),Thousands of chained 2012 dollars,114240305,109019161,115437821,119997208,127598015,137304412,150769852,159809232,156929380,171187339,184636019,191886859,209953840,225459236,246071930,262013456,282946368,306691667,325665794,340009883
" ""06085""","Santa Clara, CA",8,CAGDP1,2,...,Chain-type quantity indexes for real GDP,Quantity index,59.535,56.814,60.159,62.535,66.496,71.555,78.572,83.283,81.782,89.213,96.221,100,109.415,117.496,128.238,136.546,147.455,159.829,169.718,177.193
" ""06085""","Santa Clara, CA",8,CAGDP1,3,...,Current-dollar GDP (thousands of current dollars),Thousands of dollars,120074319,113733738,118218452,121971631,129885412,139289232,151947584,158668380,156721794,169334468,182966108,191886859,211886144,228683033,251668618,267926226,290250856,315434455,338967569,357975788
" ""06087""","Santa Cruz, CA",8,CAGDP1,1,...,Real GDP (thousands of chained 2012 dollars),Thousands of chained 2012 dollars,11107335,11059671,11296439,10968240,10970409,10903485,10879880,10945744,11211955,12108628,11922969,11705257,12049144,12299320,12360508,12597030,12786326,13243490,14124562,13591297
" ""06087""","Santa Cruz, CA",8,CAGDP1,2,...,Chain-type quantity indexes for real GDP,Quantity index,94.892,94.485,96.507,93.704,93.722,93.15,92.949,93.511,95.786,103.446,101.86,100,102.938,105.075,105.598,107.619,109.236,113.141,120.669,116.113
" ""06087""","Santa Cruz, CA",8,CAGDP1,3,...,Current-dollar GDP (thousands of current dollars),Thousands of dollars,8735202,8832336,9170486,9205338,9404372,9613227,9961495,10187609,10596972,11553111,11652894,11705257,12329425,12812071,13119171,13541034,13983570,14746118,16091572,15844973
" ""06089""","Shasta, CA",8,CAGDP1,1,...,Real GDP (thousands of chained 2012 dollars),Thousands of chained 2012 dollars,6169069,6828720,6990059,6835467,6673441,6944835,6711445,6482525,6401035,6603832,6742107,6459544,6433711,6529553,6622382,6931422,7437919,7219547,7608827,7341817
" ""06089""","Shasta, CA",8,CAGDP1,2,...,Chain-type quantity indexes for real GDP,Quantity index,95.503,105.715,108.213,105.82,103.311,107.513,103.9,100.356,99.094,102.234,104.374,100,99.6,101.084,102.521,107.305,115.146,111.766,117.792,113.658
" ""06089""","Shasta, CA",8,CAGDP1,3,...,Current-dollar GDP (thousands of current dollars),Thousands of dollars,4750019,5345717,5617948,5674992,5737480,6212543,6175739,6066175,6192137,6420344,6638297,6459544,6600404,6885251,7125620,7536944,8223081,8163949,8808341,8698893
" ""06091""","Sierra, CA",8,CAGDP1,1,...,Real GDP (thousands of chained 2012 dollars),Thousands of chained 2012 dollars,106591,104408,101894,95881,99555,99837,99626,95975,94524,97175,91803,84695,82572,78288,76371,81735,82019,84198,87671,80670
" ""06091""","Sierra, CA",8,CAGDP1,2,...,Chain-type quantity indexes for real GDP,Quantity index,125.853,123.275,120.307,113.208,117.546,117.879,117.629,113.319,111.605,114.736,108.393,100,97.493,92.435,90.172,96.505,96.841,99.414,103.514,95.248
" ""06091""","Sierra, CA",8,CAGDP1,3,...,Current-dollar GDP (thousands of current dollars),Thousands of dollars,81094,81246,81728,79616,85405,88964,91454,89495,91160,93913,90228,84695,84675,82064,81932,89209,91467,96221,103111,97334
" ""06093""","Siskiyou, CA",8,CAGDP1,1,...,Real GDP (thousands of chained 2012 dollars),Thousands of chained 2012 dollars,1420010,1570715,1481219,1449353,1419893,1481254,1351355,1452987,1333683,1314907,1435679,1382695,1349869,1403426,1518671,1572563,1546848,1563467,1579641,1641363
" ""06093""","Siskiyou, CA",8,CAGDP1,2,...,Chain-type quantity indexes for real GDP,Quantity index,102.699,113.598,107.126,104.821,102.69,107.128,97.733,105.084,96.455,95.097,103.832,100,97.626,101.499,109.834,113.732,111.872,113.074,114.244,118.708
" ""06093""","Siskiyou, CA",8,CAGDP1,3,...,Current-dollar GDP (thousands of current dollars),Thousands of dollars,1077384,1208984,1178992,1210592,1212931,1304932,1248870,1368019,1253583,1252412,1403989,1382695,1386564,1459222,1576129,1624237,1635820,1684888,1736705,1836670
" ""06095""","Solano, CA",8,CAGDP1,1,...,Real GDP (thousands of chained 2012 dollars),Thousands of chained 2012 dollars,15161616,15192397,15822315,15935478,16459623,16685004,17313929,18807876,18152088,18160240,17507200,18973888,19880720,20029280,20203318,20619199,20899701,21944195,24048606,24020822
" ""06095""","Solano, CA",8,CAGDP1,2,...,Chain-type quantity indexes for real GDP,Quantity index,79.908,80.07,83.39,83.986,86.749,87.937,91.251,99.125,95.669,95.712,92.27,100,104.779,105.562,106.48,108.671,110.15,115.655,126.746,126.599
" ""06095""","Solano, CA",8,CAGDP1,3,...,Current-dollar GDP (thousands of current dollars),Thousands of dollars,11086796,11290439,12128817,12647108,13661605,14422736,15556917,17164315,16541715,16953697,17014008,18973888,20246432,20836488,21494443,22111772,22944793,24819488,27522987,27618325
" ""06097""","Sonoma, CA",8,CAGDP1,1,...,Real GDP (thousands of chained 2012 dollars),Thousands of chained 2012 dollars,20912833,21717359,21512326,21456093,21821595,22033382,22409403,22250970,21430364,22072212,22434452,22779964,23247064,24074511,25156011,25745062,26325465,27565642,27657268,26611361
" ""06097""","Sonoma, CA",8,CAGDP1,2,...,Chain-type quantity indexes for real GDP,Quantity index,91.804,95.335,94.435,94.188,95.793,96.723,98.373,97.678,94.075,96.893,98.483,100,102.05,105.683,110.43,113.016,115.564,121.008,121.41,116.819
" ""06097""","Sonoma, CA",8,CAGDP1,3,...,Current-dollar GDP (thousands of current dollars),Thousands of dollars,16871832,17822659,17880145,18203204,19022345,19756918,20624550,20812316,20672509,21365804,21921636,22779964,23768530,25123993,26826940,27888243,28886110,30770916,31656194,31247324
" ""06099""","Stanislaus, CA",8,CAGDP1,1,...,Real GDP (thousands of chained 2012 dollars),Thousands of chained 2012 dollars,15758116,16343835,16884980,17801108,18454602,18816584,18559634,17973134,17821608,17931977,17858181,17532238,17659094,18740179,19371931,19623484,20632799,21234213,21658223,21439045
" ""06099""","Stanislaus, CA",8,CAGDP1,2,...,Chain-type quantity indexes for real GDP,Quantity index,89.881,93.222,96.308,101.534,105.261,107.326,105.86,102.515,101.651,102.28,101.859,100,100.724,106.89,110.493,111.928,117.685,121.115,123.534,122.284
" ""06099""","Stanislaus, CA",8,CAGDP1,3,...,Current-dollar GDP (thousands of current dollars),Thousands of dollars,11962641,12667797,13342785,14531373,15290976,15946351,16486777,16326755,16657144,16985999,17340925,17532238,18074349,19447684,20342559,20752197,22151418,23138910,24042666,24203279
" ""06101""","Sutter, CA",8,CAGDP1,1,...,Real GDP (thousands of chained 2012 dollars),Thousands of chained 2012 dollars,2488890,2976734,2968013,2990055,2875284,3079761,3206769,3506819,3710181,3433390,3156254,3007824,3118528,2951336,3090283,3065514,3095179,3307355,3282757,3357591
" ""06101""","Sutter, CA",8,CAGDP1,2,...,Chain-type quantity indexes for real GDP,Quantity index,82.747,98.966,98.676,99.409,95.593,102.392,106.614,116.59,123.351,114.149,104.935,100,103.681,98.122,102.741,101.918,102.904,109.958,109.141,111.629
" ""06101""","Sutter, CA",8,CAGDP1,3,...,Current-dollar GDP (thousands of current dollars),Thousands of dollars,1873627,2260058,2326092,2441849,2413423,2666653,2911855,3270813,3350553,3205218,3094853,3007824,3196947,3071992,3254669,3245277,3336306,3631663,3689402,3840213
" ""06103""","Tehama, CA",8,CAGDP1,1,...,Real GDP (thousands of chained 2012 dollars),Thousands of chained 2012 dollars,1456453,1535858,1556682,1614180,1705265,1617622,1636143,1535203,1534971,1624583,1589629,1586278,1654011,1625529,1624161,1668083,1882273,1885606,1980076,2011859
" ""06103""","Tehama, CA",8,CAGDP1,2,...,Chain-type quantity indexes for real GDP,Quantity index,91.816,96.822,98.134,101.759,107.501,101.976,103.144,96.78,96.766,102.415,100.211,100,104.27,102.474,102.388,105.157,118.66,118.87,124.825,126.829
" ""06103""","Tehama, CA",8,CAGDP1,3,...,Current-dollar GDP (thousands of current dollars),Thousands of dollars,1113197,1197515,1247538,1354372,1464228,1420821,1486497,1427571,1446907,1556117,1554203,1586278,1702167,1699525,1705931,1761922,2031727,2078400,2214396,2297948
" ""06105""","Trinity, CA",8,CAGDP1,1,...,Real GDP (thousands of chained 2012 dollars),Thousands of chained 2012 dollars,295713,328533,348282,337076,315984,330465,326969,319574,303278,345663,362240,345985,349294,337552,322630,337006,371527,359579,357454,368912
" ""06105""","Trinity, CA",8,CAGDP1,2,...,Chain-type quantity indexes for real GDP,Quantity index,85.47,94.956,100.664,97.425,91.329,95.514,94.504,92.366,87.656,99.907,104.698,100,100.956,97.563,93.25,97.405,107.383,103.929,103.315,106.627
" ""06105""","Trinity, CA",8,CAGDP1,3,...,Current-dollar GDP (thousands of current dollars),Thousands of dollars,227963,258525,282781,283375,275020,298689,302849,301013,295111,338016,357331,345985,359897,359871,350642,369362,416333,413007,419430,443245
" ""06107""","Tulare, CA",8,CAGDP1,1,...,Real GDP (thousands of chained 2012 dollars),Thousands of chained 2012 dollars,11404310,10612079,11130967,12305193,13480674,12735501,14166537,13386175,12301799,13544945,13997042,13289971,13590002,15191202,15187770,16100787,16847054,17063694,17762269,17662200
" ""06107""","Tulare, CA",8,CAGDP1,2,...,Chain-type quantity indexes for real GDP,Quantity index,85.811,79.85,83.755,92.59,101.435,95.828,106.596,100.724,92.565,101.919,105.32,100,102.258,114.306,114.28,121.15,126.765,128.395,133.652,132.899
" ""06107""","Tulare, CA",8,CAGDP1,3,...,Current-dollar GDP (thousands of current dollars),Thousands of dollars,8639763,8117629,8725373,10103986,10988091,10611544,12536822,12076340,11207824,12618356,13641913,13289971,13950035,15624193,15452440,16255420,17394657,17810577,18884066,18980160
" ""06109""","Tuolumne, CA",8,CAGDP1,1,...,Real GDP (thousands of chained 2012 dollars),Thousands of chained 2012 dollars,1868002,2174628,2188900,2193883,2197701,2250976,2178702,2115746,2133845,2247444,2385930,2066149,2053371,1999413,2047389,2232551,2455844,2284494,2404999,2193724
" ""06109""","Tuolumne, CA",8,CAGDP1,2,...,Chain-type quantity indexes for real GDP,Quantity index,90.41,105.25,105.941,106.182,106.367,108.945,105.447,102.4,103.276,108.775,115.477,100,99.382,96.77,99.092,108.054,118.861,110.568,116.4,106.175
" ""06109""","Tuolumne, CA",8,CAGDP1,3,...,Current-dollar GDP (thousands of current dollars),Thousands of dollars,1440517,1703182,1763804,1832259,1900553,2029127,2018545,1993942,2087900,2203613,2360144,2066149,2107246,2112713,2211416,2434509,2722920,2590700,2792409,2600257
" ""06111""","Ventura, CA",8,CAGDP1,1,...,Real GDP (thousands of chained 2012 dollars),Thousands of chained 2012 dollars,37003295,38017158,40367369,44219449,46386360,51531025,55457322,50732889,50423666,50250247,47396726,46388410,46807738,46460736,46505916,46203169,46470387,46592945,47846529,46597738
" ""06111""","Ventura, CA",8,CAGDP1,2,...,Chain-type quantity indexes for real GDP,Quantity index,79.768,81.954,87.02,95.324,99.996,111.086,119.55,109.365,108.699,108.325,102.174,100,100.904,100.156,100.253,99.601,100.177,100.441,103.143,100.451
" ""06111""","Ventura, CA",8,CAGDP1,3,...,Current-dollar GDP (thousands of current dollars),Thousands of dollars,28764940,29880805,32212295,36061385,38757603,44109114,48693150,46177013,47105237,47418831,46274342,46388410,47857971,48304696,48879948,49063077,50345776,51511950,53914259,53218972
" ""06113""","Yolo, CA",8,CAGDP1,1,...,Real GDP (thousands of chained 2012 dollars),Thousands of chained 2012 dollars,9328168,9470967,9788994,10237401,10372418,10529063,11048126,11083682,10663703,10459431,10691024,10773643,11180876,11578868,12252116,12757435,13013233,13472232,13964754,13587572
" ""06113""","Yolo, CA",8,CAGDP1,2,...,Chain-type quantity indexes for real GDP,Quantity index,86.583,87.909,90.861,95.023,96.276,97.73,102.548,102.878,98.98,97.084,99.233,100,103.78,107.474,113.723,118.413,120.788,125.048,129.62,126.119
" ""06113""","Yolo, CA",8,CAGDP1,3,...,Current-dollar GDP (thousands of current dollars),Thousands of dollars,7046631,7290794,7720509,8385744,8759317,9186469,10041872,10292356,10061769,10015532,10449872,10773643,11475464,12100232,13069970,13739977,14236449,15073469,16012288,15919993
" ""06115""","Yuba, CA",8,CAGDP1,1,...,Real GDP (thousands of chained 2012 dollars),Thousands of chained 2012 dollars,2038066,2194588,2309532,2330239,2346889,2452749,2342640,2507041,2574946,2573496,2705047,2667315,2771743,2644836,2637134,2793149,2948046,2980485,3087444,3045748
" ""06115""","Yuba, CA",8,CAGDP1,2,...,Chain-type quantity indexes for real GDP,Quantity index,76.409,82.277,86.586,87.363,87.987,91.956,87.828,93.991,96.537,96.483,101.415,100,103.915,99.157,98.868,104.718,110.525,111.741,115.751,114.188
" ""06115""","Yuba, CA",8,CAGDP1,3,...,Current-dollar GDP (thousands of current dollars),Thousands of dollars,1499201,1657360,1807958,1898958,1977418,2149578,2136821,2335769,2429130,2476466,2669304,2667315,2831368,2759223,2805141,2993065,3219966,3327718,3524867,3544698
Note: See the included footnote file.,,,,,,,,,,,,,,,,,,,,,,,,,,,
CAGDP1: Gross Domestic Product (GDP) summary by county and metropolitan area ,,,,,,,,,,,,,,,,,,,,,,,,,,,
"Last updated: December 8, 2021 -- new statistics for 2020, revised statistics for 2001-2019.",,,,,,,,,,,,,,,,,,,,,,,,,,,
Source: U.S. Department of Commerce / Bureau of Economic Analysis / Regional Economic Accounts,,,,,,,,,,,,,,,,,,,,,,,,,,,